{
"meta":{"test_sets":[],"test_metrics":[],"learn_metrics":[{"best_value":"Min","name":"RMSE"}],"launch_mode":"Train","parameters":"","iteration_count":1000,"learn_sets":["learn"],"name":"experiment"},
"iterations":[
{"learn":[14.38736276],"iteration":0,"passed_time":0.008235599599,"remaining_time":8.227364},
{"learn":[13.87119705],"iteration":1,"passed_time":0.01544588557,"remaining_time":7.707496901},
{"learn":[13.39650213],"iteration":2,"passed_time":0.0228710756,"remaining_time":7.600820791},
{"learn":[12.97309029],"iteration":3,"passed_time":0.03223683872,"remaining_time":8.026972842},
{"learn":[12.52195593],"iteration":4,"passed_time":0.03963880717,"remaining_time":7.888122627},
{"learn":[12.11748587],"iteration":5,"passed_time":0.04663521057,"remaining_time":7.725899885},
{"learn":[11.76734974],"iteration":6,"passed_time":0.05453408526,"remaining_time":7.736049524},
{"learn":[11.45776008],"iteration":7,"passed_time":0.06245324699,"remaining_time":7.744202626},
{"learn":[11.1227876],"iteration":8,"passed_time":0.07030928198,"remaining_time":7.741833161},
{"learn":[10.82421394],"iteration":9,"passed_time":0.07795472016,"remaining_time":7.717517296},
{"learn":[10.55193417],"iteration":10,"passed_time":0.08546737683,"remaining_time":7.684294153},
{"learn":[10.31164341],"iteration":11,"passed_time":0.09268607179,"remaining_time":7.631153244},
{"learn":[10.0753984],"iteration":12,"passed_time":0.1002451227,"remaining_time":7.610918165},
{"learn":[9.853302622],"iteration":13,"passed_time":0.107860308,"remaining_time":7.596447407},
{"learn":[9.681793519],"iteration":14,"passed_time":0.1157895601,"remaining_time":7.603514445},
{"learn":[9.493492765],"iteration":15,"passed_time":0.1229286611,"remaining_time":7.560112656},
{"learn":[9.345140217],"iteration":16,"passed_time":0.1298549544,"remaining_time":7.508671775},
{"learn":[9.208135268],"iteration":17,"passed_time":0.1368006866,"remaining_time":7.463237458},
{"learn":[9.0709326],"iteration":18,"passed_time":0.1443520835,"remaining_time":7.453125994},
{"learn":[8.950323859],"iteration":19,"passed_time":0.1515809407,"remaining_time":7.427466096},
{"learn":[8.836699802],"iteration":20,"passed_time":0.1586845624,"remaining_time":7.397723171},
{"learn":[8.730951205],"iteration":21,"passed_time":0.1666770471,"remaining_time":7.409552367},
{"learn":[8.631522553],"iteration":22,"passed_time":0.1776509489,"remaining_time":7.546303351},
{"learn":[8.535601414],"iteration":23,"passed_time":0.1870282036,"remaining_time":7.605813611},
{"learn":[8.452940503],"iteration":24,"passed_time":0.1972230969,"remaining_time":7.691700779},
{"learn":[8.359761377],"iteration":25,"passed_time":0.207115124,"remaining_time":7.758851183},
{"learn":[8.302222275],"iteration":26,"passed_time":0.2159224535,"remaining_time":7.781205456},
{"learn":[8.233110924],"iteration":27,"passed_time":0.225087469,"remaining_time":7.813750708},
{"learn":[8.168521168],"iteration":28,"passed_time":0.2324001799,"remaining_time":7.781399127},
{"learn":[8.116449049],"iteration":29,"passed_time":0.2413949761,"remaining_time":7.805104228},
{"learn":[8.044644907],"iteration":30,"passed_time":0.2494644022,"remaining_time":7.797774378},
{"learn":[7.985324646],"iteration":31,"passed_time":0.2573609678,"remaining_time":7.785169276},
{"learn":[7.945656784],"iteration":32,"passed_time":0.2655088998,"remaining_time":7.780215337},
{"learn":[7.911519399],"iteration":33,"passed_time":0.274090724,"remaining_time":7.78740116},
{"learn":[7.85522088],"iteration":34,"passed_time":0.2818908361,"remaining_time":7.772133052},
{"learn":[7.822011055],"iteration":35,"passed_time":0.2897850736,"remaining_time":7.759800304},
{"learn":[7.775897123],"iteration":36,"passed_time":0.2976353124,"remaining_time":7.746562319},
{"learn":[7.725704577],"iteration":37,"passed_time":0.3059817043,"remaining_time":7.746168409},
{"learn":[7.689714658],"iteration":38,"passed_time":0.3161107509,"remaining_time":7.789293118},
{"learn":[7.652744033],"iteration":39,"passed_time":0.3245361258,"remaining_time":7.788867018},
{"learn":[7.620256903],"iteration":40,"passed_time":0.3326073015,"remaining_time":7.779765906},
{"learn":[7.592285124],"iteration":41,"passed_time":0.3414757791,"remaining_time":7.788899914},
{"learn":[7.554870662],"iteration":42,"passed_time":0.3521915194,"remaining_time":7.838308933},
{"learn":[7.52729191],"iteration":43,"passed_time":0.361139481,"remaining_time":7.846575997},
{"learn":[7.500898578],"iteration":44,"passed_time":0.3698845551,"remaining_time":7.849772225},
{"learn":[7.471095743],"iteration":45,"passed_time":0.3847712921,"remaining_time":7.979822014},
{"learn":[7.449413031],"iteration":46,"passed_time":0.3942213071,"remaining_time":7.993466079},
{"learn":[7.427862829],"iteration":47,"passed_time":0.4025254255,"remaining_time":7.98342094},
{"learn":[7.398357498],"iteration":48,"passed_time":0.4076785671,"remaining_time":7.912292189},
{"learn":[7.38521882],"iteration":49,"passed_time":0.4148706035,"remaining_time":7.882541467},
{"learn":[7.373893924],"iteration":50,"passed_time":0.4202025022,"remaining_time":7.819062247},
{"learn":[7.364595601],"iteration":51,"passed_time":0.427263238,"remaining_time":7.789337493},
{"learn":[7.353924388],"iteration":52,"passed_time":0.43162399,"remaining_time":7.712224878},
{"learn":[7.340889107],"iteration":53,"passed_time":0.436418742,"remaining_time":7.645409813},
{"learn":[7.316494175],"iteration":54,"passed_time":0.442675303,"remaining_time":7.605966569},
{"learn":[7.304641398],"iteration":55,"passed_time":0.4472658205,"remaining_time":7.539623831},
{"learn":[7.292499153],"iteration":56,"passed_time":0.4520814193,"remaining_time":7.479171551},
{"learn":[7.278602436],"iteration":57,"passed_time":0.4566512035,"remaining_time":7.416645409},
{"learn":[7.266172179],"iteration":58,"passed_time":0.460655097,"remaining_time":7.347058412},
{"learn":[7.245506431],"iteration":59,"passed_time":0.4647660495,"remaining_time":7.281334775},
{"learn":[7.234319008],"iteration":60,"passed_time":0.4700385046,"remaining_time":7.23551075},
{"learn":[7.217234156],"iteration":61,"passed_time":0.4782804349,"remaining_time":7.235920128},
{"learn":[7.2069785],"iteration":62,"passed_time":0.4857749235,"remaining_time":7.224938148},
{"learn":[7.193368619],"iteration":63,"passed_time":0.4933670845,"remaining_time":7.215493611},
{"learn":[7.184590588],"iteration":64,"passed_time":0.5004094188,"remaining_time":7.198197024},
{"learn":[7.179273663],"iteration":65,"passed_time":0.5090765766,"remaining_time":7.204204887},
{"learn":[7.171128645],"iteration":66,"passed_time":0.5164847432,"remaining_time":7.192242767},
{"learn":[7.163241856],"iteration":67,"passed_time":0.526217538,"remaining_time":7.212275668},
{"learn":[7.154599815],"iteration":68,"passed_time":0.5350147238,"remaining_time":7.218821853},
{"learn":[7.149955851],"iteration":69,"passed_time":0.5427783676,"remaining_time":7.211198313},
{"learn":[7.146851142],"iteration":70,"passed_time":0.5510564992,"remaining_time":7.210302644},
{"learn":[7.141844307],"iteration":71,"passed_time":0.5605902018,"remaining_time":7.225384823},
{"learn":[7.13205318],"iteration":72,"passed_time":0.5699883807,"remaining_time":7.238071629},
{"learn":[7.122457553],"iteration":73,"passed_time":0.5774339487,"remaining_time":7.225727521},
{"learn":[7.108235895],"iteration":74,"passed_time":0.585454566,"remaining_time":7.220606314},
{"learn":[7.09495449],"iteration":75,"passed_time":0.5948184618,"remaining_time":7.231740246},
{"learn":[7.088494914],"iteration":76,"passed_time":0.602314744,"remaining_time":7.219954658},
{"learn":[7.07589087],"iteration":77,"passed_time":0.6104522901,"remaining_time":7.215859122},
{"learn":[7.066006368],"iteration":78,"passed_time":0.6180831248,"remaining_time":7.205753898},
{"learn":[7.059087568],"iteration":79,"passed_time":0.6274060632,"remaining_time":7.215169726},
{"learn":[7.052388242],"iteration":80,"passed_time":0.6354113455,"remaining_time":7.209173167},
{"learn":[7.044723553],"iteration":81,"passed_time":0.6434134236,"remaining_time":7.203091743},
{"learn":[7.03867077],"iteration":82,"passed_time":0.650011134,"remaining_time":7.181448312},
{"learn":[7.031319477],"iteration":83,"passed_time":0.6567073065,"remaining_time":7.161236819},
{"learn":[7.025803832],"iteration":84,"passed_time":0.6636098469,"remaining_time":7.143564823},
{"learn":[7.021431673],"iteration":85,"passed_time":0.6703288224,"remaining_time":7.124192368},
{"learn":[7.016006265],"iteration":86,"passed_time":0.677207499,"remaining_time":7.106786743},
{"learn":[7.009496612],"iteration":87,"passed_time":0.6838341421,"remaining_time":7.087008382},
{"learn":[7.001696307],"iteration":88,"passed_time":0.6907236355,"remaining_time":7.070216089},
{"learn":[6.998110196],"iteration":89,"passed_time":0.6987969071,"remaining_time":7.065613172},
{"learn":[6.995120794],"iteration":90,"passed_time":0.7061437066,"remaining_time":7.053677245},
{"learn":[6.990119376],"iteration":91,"passed_time":0.7148378244,"remaining_time":7.055138528},
{"learn":[6.983518354],"iteration":92,"passed_time":0.7220262343,"remaining_time":7.041696715},
{"learn":[6.979002991],"iteration":93,"passed_time":0.7306959655,"remaining_time":7.04266537},
{"learn":[6.975587018],"iteration":94,"passed_time":0.7387008247,"remaining_time":7.03709733},
{"learn":[6.971965112],"iteration":95,"passed_time":0.7512844045,"remaining_time":7.074594809},
{"learn":[6.968274077],"iteration":96,"passed_time":0.7636861431,"remaining_time":7.109366879},
{"learn":[6.964928068],"iteration":97,"passed_time":0.7751455108,"remaining_time":7.134502558},
{"learn":[6.959390699],"iteration":98,"passed_time":0.7862266394,"remaining_time":7.155456587},
{"learn":[6.956210849],"iteration":99,"passed_time":0.7969547239,"remaining_time":7.172592516},
{"learn":[6.95137986],"iteration":100,"passed_time":0.8079991735,"remaining_time":7.191992643},
{"learn":[6.94865495],"iteration":101,"passed_time":0.8186303731,"remaining_time":7.207157599},
{"learn":[6.94432784],"iteration":102,"passed_time":0.8294714192,"remaining_time":7.223649155},
{"learn":[6.935057245],"iteration":103,"passed_time":0.8401633627,"remaining_time":7.238330509},
{"learn":[6.933127931],"iteration":104,"passed_time":0.8504627909,"remaining_time":7.249182837},
{"learn":[6.930868734],"iteration":105,"passed_time":0.8623340172,"remaining_time":7.27289256},
{"learn":[6.927801623],"iteration":106,"passed_time":0.8731460156,"remaining_time":7.287097121},
{"learn":[6.924061567],"iteration":107,"passed_time":0.8857650475,"remaining_time":7.31576317},
{"learn":[6.921748617],"iteration":108,"passed_time":0.8995339724,"remaining_time":7.353071279},
{"learn":[6.915654705],"iteration":109,"passed_time":0.9112381078,"remaining_time":7.37274469},
{"learn":[6.912267441],"iteration":110,"passed_time":0.9229633516,"remaining_time":7.392021798},
{"learn":[6.90992837],"iteration":111,"passed_time":0.9355876665,"remaining_time":7.417873642},
{"learn":[6.907540256],"iteration":112,"passed_time":0.9484166928,"remaining_time":7.444651385},
{"learn":[6.904880447],"iteration":113,"passed_time":0.9611574044,"remaining_time":7.470047897},
{"learn":[6.900475468],"iteration":114,"passed_time":0.9727155999,"remaining_time":7.485680921},
{"learn":[6.898037866],"iteration":115,"passed_time":0.9839311271,"remaining_time":7.498233762},
{"learn":[6.892784399],"iteration":116,"passed_time":0.9959717788,"remaining_time":7.516607527},
{"learn":[6.889374873],"iteration":117,"passed_time":1.007308927,"remaining_time":7.529207402},
{"learn":[6.885033328],"iteration":118,"passed_time":1.018871408,"remaining_time":7.543073199},
{"learn":[6.881713432],"iteration":119,"passed_time":1.030734395,"remaining_time":7.558718899},
{"learn":[6.878786938],"iteration":120,"passed_time":1.043869833,"remaining_time":7.58315358},
{"learn":[6.873469211],"iteration":121,"passed_time":1.056679429,"remaining_time":7.604627363},
{"learn":[6.869980288],"iteration":122,"passed_time":1.070095079,"remaining_time":7.629864912},
{"learn":[6.866208445],"iteration":123,"passed_time":1.08214793,"remaining_time":7.644851505},
{"learn":[6.862315984],"iteration":124,"passed_time":1.095103702,"remaining_time":7.665725912},
{"learn":[6.859150017],"iteration":125,"passed_time":1.108079789,"remaining_time":7.686204251},
{"learn":[6.857465706],"iteration":126,"passed_time":1.121320164,"remaining_time":7.707972468},
{"learn":[6.855221242],"iteration":127,"passed_time":1.135588512,"remaining_time":7.736196737},
{"learn":[6.852514623],"iteration":128,"passed_time":1.147023256,"remaining_time":7.74462989},
{"learn":[6.849192422],"iteration":129,"passed_time":1.158530228,"remaining_time":7.753240753},
{"learn":[6.846787776],"iteration":130,"passed_time":1.169431444,"remaining_time":7.757526147},
{"learn":[6.84454098],"iteration":131,"passed_time":1.180841271,"remaining_time":7.764925934},
{"learn":[6.842930106],"iteration":132,"passed_time":1.191925959,"remaining_time":7.769923356},
{"learn":[6.840446313],"iteration":133,"passed_time":1.202800258,"remaining_time":7.77332107},
{"learn":[6.838315355],"iteration":134,"passed_time":1.213640407,"remaining_time":7.776288534},
{"learn":[6.835389442],"iteration":135,"passed_time":1.224398391,"remaining_time":7.778530957},
{"learn":[6.83273415],"iteration":136,"passed_time":1.235492102,"remaining_time":7.782698423},
{"learn":[6.830232454],"iteration":137,"passed_time":1.248066877,"remaining_time":7.795896},
{"learn":[6.828133188],"iteration":138,"passed_time":1.262656961,"remaining_time":7.821206066},
{"learn":[6.82236268],"iteration":139,"passed_time":1.27583902,"remaining_time":7.83729684},
{"learn":[6.819339339],"iteration":140,"passed_time":1.288387778,"remaining_time":7.849114196},
{"learn":[6.815987228],"iteration":141,"passed_time":1.299068036,"remaining_time":7.849298413},
{"learn":[6.81315196],"iteration":142,"passed_time":1.305344723,"remaining_time":7.822940051},
{"learn":[6.810072845],"iteration":143,"passed_time":1.311476949,"remaining_time":7.796001865},
{"learn":[6.80711127],"iteration":144,"passed_time":1.317847519,"remaining_time":7.77075606},
{"learn":[6.804608215],"iteration":145,"passed_time":1.323995432,"remaining_time":7.744466431},
{"learn":[6.802596895],"iteration":146,"passed_time":1.330138981,"remaining_time":7.718425515},
{"learn":[6.799978098],"iteration":147,"passed_time":1.336329622,"remaining_time":7.69292458},
{"learn":[6.797258802],"iteration":148,"passed_time":1.342272263,"remaining_time":7.666266413},
{"learn":[6.792425276],"iteration":149,"passed_time":1.34885979,"remaining_time":7.64353881},
{"learn":[6.786595922],"iteration":150,"passed_time":1.354946673,"remaining_time":7.618210102},
{"learn":[6.782124411],"iteration":151,"passed_time":1.361114799,"remaining_time":7.593587828},
{"learn":[6.779553933],"iteration":152,"passed_time":1.367261244,"remaining_time":7.569086755},
{"learn":[6.777519368],"iteration":153,"passed_time":1.373358055,"remaining_time":7.544551392},
{"learn":[6.775024137],"iteration":154,"passed_time":1.380151641,"remaining_time":7.524052494},
{"learn":[6.770090053],"iteration":155,"passed_time":1.386263028,"remaining_time":7.500038434},
{"learn":[6.765769882],"iteration":156,"passed_time":1.392828631,"remaining_time":7.478691314},
{"learn":[6.762252619],"iteration":157,"passed_time":1.399299339,"remaining_time":7.457025591},
{"learn":[6.759305424],"iteration":158,"passed_time":1.405853872,"remaining_time":7.435994379},
{"learn":[6.754745302],"iteration":159,"passed_time":1.412461676,"remaining_time":7.415423798},
{"learn":[6.752059761],"iteration":160,"passed_time":1.418668369,"remaining_time":7.392936407},
{"learn":[6.74997889],"iteration":161,"passed_time":1.426351389,"remaining_time":7.378286813},
{"learn":[6.747027811],"iteration":162,"passed_time":1.433233347,"remaining_time":7.359609275},
{"learn":[6.742359939],"iteration":163,"passed_time":1.440309673,"remaining_time":7.342066379},
{"learn":[6.737439236],"iteration":164,"passed_time":1.44879973,"remaining_time":7.331804695},
{"learn":[6.734289947],"iteration":165,"passed_time":1.45566103,"remaining_time":7.313381318},
{"learn":[6.729961868],"iteration":166,"passed_time":1.461557639,"remaining_time":7.29028451},
{"learn":[6.727815542],"iteration":167,"passed_time":1.467333975,"remaining_time":7.266796826},
{"learn":[6.724241074],"iteration":168,"passed_time":1.473708586,"remaining_time":7.246460564},
{"learn":[6.721626292],"iteration":169,"passed_time":1.479758638,"remaining_time":7.224703938},
{"learn":[6.718545686],"iteration":170,"passed_time":1.486161816,"remaining_time":7.204842955},
{"learn":[6.716507233],"iteration":171,"passed_time":1.492159979,"remaining_time":7.183188737},
{"learn":[6.713022916],"iteration":172,"passed_time":1.498244847,"remaining_time":7.162129991},
{"learn":[6.710239487],"iteration":173,"passed_time":1.504839662,"remaining_time":7.143664143},
{"learn":[6.708031569],"iteration":174,"passed_time":1.510938255,"remaining_time":7.122994633},
{"learn":[6.705986876],"iteration":175,"passed_time":1.517591862,"remaining_time":7.10508917},
{"learn":[6.704202194],"iteration":176,"passed_time":1.523541807,"remaining_time":7.084039022},
{"learn":[6.701783741],"iteration":177,"passed_time":1.531040378,"remaining_time":7.070310061},
{"learn":[6.698531539],"iteration":178,"passed_time":1.539825248,"remaining_time":7.062550438},
{"learn":[6.694746244],"iteration":179,"passed_time":1.546423698,"remaining_time":7.044819067},
{"learn":[6.692637518],"iteration":180,"passed_time":1.553130879,"remaining_time":7.027702706},
{"learn":[6.690537689],"iteration":181,"passed_time":1.560049538,"remaining_time":7.011651218},
{"learn":[6.688385063],"iteration":182,"passed_time":1.566742948,"remaining_time":6.994693926},
{"learn":[6.684950537],"iteration":183,"passed_time":1.573539932,"remaining_time":6.978307526},
{"learn":[6.681882352],"iteration":184,"passed_time":1.581262192,"remaining_time":6.966101006},
{"learn":[6.677273057],"iteration":185,"passed_time":1.588498802,"remaining_time":6.95181734},
{"learn":[6.673772237],"iteration":186,"passed_time":1.59797802,"remaining_time":6.947358987},
{"learn":[6.669765735],"iteration":187,"passed_time":1.604855703,"remaining_time":6.931610803},
{"learn":[6.667109478],"iteration":188,"passed_time":1.611990484,"remaining_time":6.917059697},
{"learn":[6.665314401],"iteration":189,"passed_time":1.62015566,"remaining_time":6.906979393},
{"learn":[6.662531827],"iteration":190,"passed_time":1.628788068,"remaining_time":6.898898153},
{"learn":[6.659771493],"iteration":191,"passed_time":1.636236292,"remaining_time":6.885827731},
{"learn":[6.657383737],"iteration":192,"passed_time":1.643913838,"remaining_time":6.873774441},
{"learn":[6.655049456],"iteration":193,"passed_time":1.650928103,"remaining_time":6.859010574},
{"learn":[6.65229317],"iteration":194,"passed_time":1.658124673,"remaining_time":6.845078778},
{"learn":[6.649152731],"iteration":195,"passed_time":1.665720448,"remaining_time":6.832853267},
{"learn":[6.647496221],"iteration":196,"passed_time":1.672688582,"remaining_time":6.818116402},
{"learn":[6.645584552],"iteration":197,"passed_time":1.680028933,"remaining_time":6.804965676},
{"learn":[6.642082905],"iteration":198,"passed_time":1.687818167,"remaining_time":6.793680159},
{"learn":[6.639690482],"iteration":199,"passed_time":1.694473476,"remaining_time":6.777893906},
{"learn":[6.637291122],"iteration":200,"passed_time":1.70141485,"remaining_time":6.763335647},
{"learn":[6.63519998],"iteration":201,"passed_time":1.707983354,"remaining_time":6.747379783},
{"learn":[6.632899158],"iteration":202,"passed_time":1.714645766,"remaining_time":6.7318851},
{"learn":[6.631245352],"iteration":203,"passed_time":1.721397042,"remaining_time":6.716823752},
{"learn":[6.628802839],"iteration":204,"passed_time":1.728499669,"remaining_time":6.703206033},
{"learn":[6.626700573],"iteration":205,"passed_time":1.735193876,"remaining_time":6.688077366},
{"learn":[6.625165136],"iteration":206,"passed_time":1.742036191,"remaining_time":6.673597582},
{"learn":[6.623449748],"iteration":207,"passed_time":1.74911861,"remaining_time":6.660105476},
{"learn":[6.621152225],"iteration":208,"passed_time":1.755887568,"remaining_time":6.645488357},
{"learn":[6.618888998],"iteration":209,"passed_time":1.762830614,"remaining_time":6.63160088},
{"learn":[6.616954252],"iteration":210,"passed_time":1.769443573,"remaining_time":6.616544924},
{"learn":[6.614822677],"iteration":211,"passed_time":1.776212045,"remaining_time":6.602146658},
{"learn":[6.612031522],"iteration":212,"passed_time":1.782965364,"remaining_time":6.587764044},
{"learn":[6.610008962],"iteration":213,"passed_time":1.789680621,"remaining_time":6.573312933},
{"learn":[6.607327096],"iteration":214,"passed_time":1.797730701,"remaining_time":6.563807441},
{"learn":[6.605351596],"iteration":215,"passed_time":1.805286291,"remaining_time":6.55252061},
{"learn":[6.60310729],"iteration":216,"passed_time":1.812953788,"remaining_time":6.541671962},
{"learn":[6.601474576],"iteration":217,"passed_time":1.819673737,"remaining_time":6.527453497},
{"learn":[6.599457757],"iteration":218,"passed_time":1.826564111,"remaining_time":6.513911281},
{"learn":[6.596984596],"iteration":219,"passed_time":1.833646893,"remaining_time":6.501111711},
{"learn":[6.595057074],"iteration":220,"passed_time":1.840453825,"remaining_time":6.487391537},
{"learn":[6.592442523],"iteration":221,"passed_time":1.847421418,"remaining_time":6.474296682},
{"learn":[6.59056057],"iteration":222,"passed_time":1.854210131,"remaining_time":6.460633505},
{"learn":[6.588322569],"iteration":223,"passed_time":1.860838872,"remaining_time":6.44647752},
{"learn":[6.586183992],"iteration":224,"passed_time":1.86761779,"remaining_time":6.432905721},
{"learn":[6.582684793],"iteration":225,"passed_time":1.874431028,"remaining_time":6.419511574},
{"learn":[6.579908557],"iteration":226,"passed_time":1.881204731,"remaining_time":6.406040779},
{"learn":[6.575857815],"iteration":227,"passed_time":1.888037126,"remaining_time":6.392827461},
{"learn":[6.572318004],"iteration":228,"passed_time":1.894720684,"remaining_time":6.379168767},
{"learn":[6.568668198],"iteration":229,"passed_time":1.901474381,"remaining_time":6.365805537},
{"learn":[6.567015965],"iteration":230,"passed_time":1.908492912,"remaining_time":6.353381167},
{"learn":[6.564670533],"iteration":231,"passed_time":1.915221417,"remaining_time":6.340043312},
{"learn":[6.562057455],"iteration":232,"passed_time":1.922002966,"remaining_time":6.326936802},
{"learn":[6.558868564],"iteration":233,"passed_time":1.928541071,"remaining_time":6.313087438},
{"learn":[6.556985068],"iteration":234,"passed_time":1.935298408,"remaining_time":6.300013968},
{"learn":[6.555061655],"iteration":235,"passed_time":1.942019669,"remaining_time":6.286877232},
{"learn":[6.552535616],"iteration":236,"passed_time":1.948543639,"remaining_time":6.273159478},
{"learn":[6.550287054],"iteration":237,"passed_time":1.955453925,"remaining_time":6.260739036},
{"learn":[6.5476661],"iteration":238,"passed_time":1.962345475,"remaining_time":6.248305046},
{"learn":[6.54584745],"iteration":239,"passed_time":1.969846365,"remaining_time":6.237846822},
{"learn":[6.542767347],"iteration":240,"passed_time":1.977072257,"remaining_time":6.226547066},
{"learn":[6.540798151],"iteration":241,"passed_time":1.98382205,"remaining_time":6.213789727},
{"learn":[6.537809328],"iteration":242,"passed_time":1.991068576,"remaining_time":6.202629268},
{"learn":[6.535951332],"iteration":243,"passed_time":1.997850133,"remaining_time":6.19006025},
{"learn":[6.533141905],"iteration":244,"passed_time":2.005249465,"remaining_time":6.179442229},
{"learn":[6.531135892],"iteration":245,"passed_time":2.014596921,"remaining_time":6.174821457},
{"learn":[6.528990113],"iteration":246,"passed_time":2.023474334,"remaining_time":6.168729447},
{"learn":[6.527222902],"iteration":247,"passed_time":2.033039018,"remaining_time":6.164698958},
{"learn":[6.523611341],"iteration":248,"passed_time":2.041088566,"remaining_time":6.15605427},
{"learn":[6.521014109],"iteration":249,"passed_time":2.048924932,"remaining_time":6.146774797},
{"learn":[6.518607703],"iteration":250,"passed_time":2.05678773,"remaining_time":6.137585697},
{"learn":[6.515292604],"iteration":251,"passed_time":2.06441595,"remaining_time":6.127710834},
{"learn":[6.513667381],"iteration":252,"passed_time":2.071941569,"remaining_time":6.117550797},
{"learn":[6.511316355],"iteration":253,"passed_time":2.079398777,"remaining_time":6.10721058},
{"learn":[6.508335075],"iteration":254,"passed_time":2.086459938,"remaining_time":6.095735898},
{"learn":[6.505862301],"iteration":255,"passed_time":2.094159798,"remaining_time":6.086151914},
{"learn":[6.503224124],"iteration":256,"passed_time":2.101717001,"remaining_time":6.076170162},
{"learn":[6.501377094],"iteration":257,"passed_time":2.108850303,"remaining_time":6.06498808},
{"learn":[6.4985032],"iteration":258,"passed_time":2.116244735,"remaining_time":6.054584357},
{"learn":[6.496640752],"iteration":259,"passed_time":2.123569972,"remaining_time":6.044006842},
{"learn":[6.495179839],"iteration":260,"passed_time":2.132184202,"remaining_time":6.037103927},
{"learn":[6.492291811],"iteration":261,"passed_time":2.139352215,"remaining_time":6.026114253},
{"learn":[6.490859391],"iteration":262,"passed_time":2.149463767,"remaining_time":6.023402266},
{"learn":[6.487899312],"iteration":263,"passed_time":2.156669796,"remaining_time":6.012533975},
{"learn":[6.486355694],"iteration":264,"passed_time":2.163731278,"remaining_time":6.001292412},
{"learn":[6.484651563],"iteration":265,"passed_time":2.171345724,"remaining_time":5.991608125},
{"learn":[6.481746525],"iteration":266,"passed_time":2.178131224,"remaining_time":5.979663622},
{"learn":[6.478916116],"iteration":267,"passed_time":2.18508996,"remaining_time":5.968230787},
{"learn":[6.476646701],"iteration":268,"passed_time":2.192095341,"remaining_time":5.956957972},
{"learn":[6.473331244],"iteration":269,"passed_time":2.199034695,"remaining_time":5.945538248},
{"learn":[6.470322841],"iteration":270,"passed_time":2.206102725,"remaining_time":5.934497737},
{"learn":[6.4683796],"iteration":271,"passed_time":2.212869541,"remaining_time":5.922680242},
{"learn":[6.466900013],"iteration":272,"passed_time":2.219956324,"remaining_time":5.911751823},
{"learn":[6.465089684],"iteration":273,"passed_time":2.226910388,"remaining_time":5.900499787},
{"learn":[6.462234909],"iteration":274,"passed_time":2.233811895,"remaining_time":5.889140451},
{"learn":[6.460638775],"iteration":275,"passed_time":2.240471288,"remaining_time":5.877178305},
{"learn":[6.458198732],"iteration":276,"passed_time":2.248020903,"remaining_time":5.867578024},
{"learn":[6.456643207],"iteration":277,"passed_time":2.254515422,"remaining_time":5.855252284},
{"learn":[6.455121636],"iteration":278,"passed_time":2.261421865,"remaining_time":5.844032848},
{"learn":[6.453374453],"iteration":279,"passed_time":2.268222142,"remaining_time":5.832571223},
{"learn":[6.45223657],"iteration":280,"passed_time":2.274973753,"remaining_time":5.82101825},
{"learn":[6.451214815],"iteration":281,"passed_time":2.281881891,"remaining_time":5.809897864},
{"learn":[6.449231884],"iteration":282,"passed_time":2.288690699,"remaining_time":5.798555587},
{"learn":[6.447149475],"iteration":283,"passed_time":2.295246796,"remaining_time":5.78660812},
{"learn":[6.444918007],"iteration":284,"passed_time":2.302233789,"remaining_time":5.775779506},
{"learn":[6.442960744],"iteration":285,"passed_time":2.308820751,"remaining_time":5.763979079},
{"learn":[6.440137811],"iteration":286,"passed_time":2.314944244,"remaining_time":5.751063576},
{"learn":[6.437814023],"iteration":287,"passed_time":2.322584434,"remaining_time":5.741944852},
{"learn":[6.435506053],"iteration":288,"passed_time":2.32878451,"remaining_time":5.729293379},
{"learn":[6.433311992],"iteration":289,"passed_time":2.336402254,"remaining_time":5.720157242},
{"learn":[6.430036309],"iteration":290,"passed_time":2.342511751,"remaining_time":5.70735681},
{"learn":[6.428191563],"iteration":291,"passed_time":2.34816966,"remaining_time":5.693507258},
{"learn":[6.425708813],"iteration":292,"passed_time":2.353863902,"remaining_time":5.679801292},
{"learn":[6.422664604],"iteration":293,"passed_time":2.36003538,"remaining_time":5.667295844},
{"learn":[6.420778316],"iteration":294,"passed_time":2.365974046,"remaining_time":5.654276958},
{"learn":[6.419110791],"iteration":295,"passed_time":2.372378215,"remaining_time":5.642413053},
{"learn":[6.417409289],"iteration":296,"passed_time":2.378145828,"remaining_time":5.629079183},
{"learn":[6.415063432],"iteration":297,"passed_time":2.384070073,"remaining_time":5.616165072},
{"learn":[6.413289607],"iteration":298,"passed_time":2.390083118,"remaining_time":5.603505906},
{"learn":[6.411350328],"iteration":299,"passed_time":2.395737217,"remaining_time":5.590053507},
{"learn":[6.409153194],"iteration":300,"passed_time":2.401880475,"remaining_time":5.577788878},
{"learn":[6.407196602],"iteration":301,"passed_time":2.41170316,"remaining_time":5.574068894},
{"learn":[6.404821412],"iteration":302,"passed_time":2.41766775,"remaining_time":5.561433734},
{"learn":[6.403146578],"iteration":303,"passed_time":2.423955986,"remaining_time":5.549583443},
{"learn":[6.401487101],"iteration":304,"passed_time":2.431379237,"remaining_time":5.540355966},
{"learn":[6.399409487],"iteration":305,"passed_time":2.437179751,"remaining_time":5.527459957},
{"learn":[6.397643394],"iteration":306,"passed_time":2.443179334,"remaining_time":5.515059538},
{"learn":[6.395155883],"iteration":307,"passed_time":2.451312787,"remaining_time":5.507494962},
{"learn":[6.3925764],"iteration":308,"passed_time":2.457520295,"remaining_time":5.495619819},
{"learn":[6.391085953],"iteration":309,"passed_time":2.463381366,"remaining_time":5.483010137},
{"learn":[6.388485473],"iteration":310,"passed_time":2.469595922,"remaining_time":5.471226978},
{"learn":[6.385313945],"iteration":311,"passed_time":2.475708413,"remaining_time":5.45925445},
{"learn":[6.381972466],"iteration":312,"passed_time":2.482409085,"remaining_time":5.448610355},
{"learn":[6.379647934],"iteration":313,"passed_time":2.490038932,"remaining_time":5.440021361},
{"learn":[6.377509246],"iteration":314,"passed_time":2.496869866,"remaining_time":5.429701137},
{"learn":[6.37419242],"iteration":315,"passed_time":2.502899637,"remaining_time":5.417668835},
{"learn":[6.371413264],"iteration":316,"passed_time":2.510445846,"remaining_time":5.408941682},
{"learn":[6.36924076],"iteration":317,"passed_time":2.516840796,"remaining_time":5.397752902},
{"learn":[6.3675547],"iteration":318,"passed_time":2.523526322,"remaining_time":5.387214499},
{"learn":[6.365443508],"iteration":319,"passed_time":2.529825462,"remaining_time":5.375879106},
{"learn":[6.363506082],"iteration":320,"passed_time":2.536539162,"remaining_time":5.365451997},
{"learn":[6.361183221],"iteration":321,"passed_time":2.54328401,"remaining_time":5.355113536},
{"learn":[6.358970391],"iteration":322,"passed_time":2.550192142,"remaining_time":5.345139567},
{"learn":[6.356556769],"iteration":323,"passed_time":2.558922556,"remaining_time":5.338986568},
{"learn":[6.355409077],"iteration":324,"passed_time":2.566015716,"remaining_time":5.329417256},
{"learn":[6.352859919],"iteration":325,"passed_time":2.572791312,"remaining_time":5.319206577},
{"learn":[6.350743708],"iteration":326,"passed_time":2.57967583,"remaining_time":5.309241081},
{"learn":[6.348452197],"iteration":327,"passed_time":2.586562655,"remaining_time":5.299299098},
{"learn":[6.347025205],"iteration":328,"passed_time":2.593229719,"remaining_time":5.288927482},
{"learn":[6.344724381],"iteration":329,"passed_time":2.599926759,"remaining_time":5.278639178},
{"learn":[6.343393185],"iteration":330,"passed_time":2.606714804,"remaining_time":5.268556506},
{"learn":[6.341300656],"iteration":331,"passed_time":2.615284468,"remaining_time":5.262078388},
{"learn":[6.338763373],"iteration":332,"passed_time":2.621944916,"remaining_time":5.25176354},
{"learn":[6.336700001],"iteration":333,"passed_time":2.628757685,"remaining_time":5.241774307},
{"learn":[6.333645301],"iteration":334,"passed_time":2.635528292,"remaining_time":5.23172034},
{"learn":[6.33143423],"iteration":335,"passed_time":2.642444785,"remaining_time":5.221974218},
{"learn":[6.329795842],"iteration":336,"passed_time":2.649245491,"remaining_time":5.212017093},
{"learn":[6.328123585],"iteration":337,"passed_time":2.655877269,"remaining_time":5.201747787},
{"learn":[6.32506244],"iteration":338,"passed_time":2.662973374,"remaining_time":5.192405311},
{"learn":[6.322503843],"iteration":339,"passed_time":2.671474213,"remaining_time":5.185802883},
{"learn":[6.319815315],"iteration":340,"passed_time":2.67996442,"remaining_time":5.179168777},
{"learn":[6.318166694],"iteration":341,"passed_time":2.687129709,"remaining_time":5.169974703},
{"learn":[6.315791203],"iteration":342,"passed_time":2.694699161,"remaining_time":5.161566614},
{"learn":[6.313909761],"iteration":343,"passed_time":2.701595582,"remaining_time":5.151879946},
{"learn":[6.311506034],"iteration":344,"passed_time":2.709884709,"remaining_time":5.144853578},
{"learn":[6.309742261],"iteration":345,"passed_time":2.716708108,"remaining_time":5.135049429},
{"learn":[6.307473626],"iteration":346,"passed_time":2.724903346,"remaining_time":5.127844049},
{"learn":[6.304543088],"iteration":347,"passed_time":2.732066,"remaining_time":5.118698367},
{"learn":[6.302314041],"iteration":348,"passed_time":2.738519037,"remaining_time":5.108240381},
{"learn":[6.300435444],"iteration":349,"passed_time":2.745318614,"remaining_time":5.098448855},
{"learn":[6.298832864],"iteration":350,"passed_time":2.75234227,"remaining_time":5.089088699},
{"learn":[6.29690144],"iteration":351,"passed_time":2.759460241,"remaining_time":5.079915444},
{"learn":[6.295526345],"iteration":352,"passed_time":2.766010098,"remaining_time":5.069712559},
{"learn":[6.292779029],"iteration":353,"passed_time":2.773097934,"remaining_time":5.06051205},
{"learn":[6.29080339],"iteration":354,"passed_time":2.779979242,"remaining_time":5.050948201},
{"learn":[6.288913057],"iteration":355,"passed_time":2.786577573,"remaining_time":5.04088752},
{"learn":[6.285834527],"iteration":356,"passed_time":2.793614427,"remaining_time":5.031636069},
{"learn":[6.284214292],"iteration":357,"passed_time":2.80043639,"remaining_time":5.022011626},
{"learn":[6.28232133],"iteration":358,"passed_time":2.807169711,"remaining_time":5.012244527},
{"learn":[6.279757561],"iteration":359,"passed_time":2.814451701,"remaining_time":5.00346969},
{"learn":[6.277723055],"iteration":360,"passed_time":2.821409947,"remaining_time":4.994130072},
{"learn":[6.275917207],"iteration":361,"passed_time":2.828115139,"remaining_time":4.98435762},
{"learn":[6.273448837],"iteration":362,"passed_time":2.83553225,"remaining_time":4.975851359},
{"learn":[6.271700309],"iteration":363,"passed_time":2.843000897,"remaining_time":4.967441127},
{"learn":[6.269008203],"iteration":364,"passed_time":2.8520506,"remaining_time":4.961786661},
{"learn":[6.267195505],"iteration":365,"passed_time":2.86239665,"remaining_time":4.958359225},
{"learn":[6.264574201],"iteration":366,"passed_time":2.869874593,"remaining_time":4.949947186},
{"learn":[6.262609495],"iteration":367,"passed_time":2.877307954,"remaining_time":4.94146366},
{"learn":[6.26084752],"iteration":368,"passed_time":2.884793793,"remaining_time":4.933075564},
{"learn":[6.259352511],"iteration":369,"passed_time":2.892952852,"remaining_time":4.92583864},
{"learn":[6.257669457],"iteration":370,"passed_time":2.90329748,"remaining_time":4.922302196},
{"learn":[6.256440041],"iteration":371,"passed_time":2.913111407,"remaining_time":4.917833235},
{"learn":[6.253638492],"iteration":372,"passed_time":2.920208955,"remaining_time":4.908769476},
{"learn":[6.251289247],"iteration":373,"passed_time":2.927351709,"remaining_time":4.899791898},
{"learn":[6.249895214],"iteration":374,"passed_time":2.934306438,"remaining_time":4.890510729},
{"learn":[6.246552061],"iteration":375,"passed_time":2.941437746,"remaining_time":4.881534983},
{"learn":[6.244263608],"iteration":376,"passed_time":2.949061899,"remaining_time":4.873383457},
{"learn":[6.241993606],"iteration":377,"passed_time":2.956575787,"remaining_time":4.865053279},
{"learn":[6.239938304],"iteration":378,"passed_time":2.963821391,"remaining_time":4.85628782},
{"learn":[6.238354411],"iteration":379,"passed_time":2.970940014,"remaining_time":4.847323182},
{"learn":[6.236498488],"iteration":380,"passed_time":2.978043331,"remaining_time":4.838343364},
{"learn":[6.234996817],"iteration":381,"passed_time":2.984823476,"remaining_time":4.828850545},
{"learn":[6.233220083],"iteration":382,"passed_time":2.992176625,"remaining_time":4.82029498},
{"learn":[6.231793597],"iteration":383,"passed_time":3.000018129,"remaining_time":4.812529083},
{"learn":[6.23018128],"iteration":384,"passed_time":3.007260591,"remaining_time":4.80380588},
{"learn":[6.228613975],"iteration":385,"passed_time":3.014186282,"remaining_time":4.79458647},
{"learn":[6.226581727],"iteration":386,"passed_time":3.021346509,"remaining_time":4.785750414},
{"learn":[6.224765387],"iteration":387,"passed_time":3.028115454,"remaining_time":4.776305819},
{"learn":[6.223386582],"iteration":388,"passed_time":3.035962716,"remaining_time":4.768568687},
{"learn":[6.221688473],"iteration":389,"passed_time":3.044465789,"remaining_time":4.761856747},
{"learn":[6.219723057],"iteration":390,"passed_time":3.051910113,"remaining_time":4.753486595},
{"learn":[6.218100888],"iteration":391,"passed_time":3.058877647,"remaining_time":4.744381656},
{"learn":[6.215757409],"iteration":392,"passed_time":3.066084823,"remaining_time":4.735657728},
{"learn":[6.21367955],"iteration":393,"passed_time":3.073197114,"remaining_time":4.726795562},
{"learn":[6.211803594],"iteration":394,"passed_time":3.080081442,"remaining_time":4.717593095},
{"learn":[6.210025473],"iteration":395,"passed_time":3.087243034,"remaining_time":4.708825234},
{"learn":[6.208482283],"iteration":396,"passed_time":3.093927079,"remaining_time":4.699340122},
{"learn":[6.207470531],"iteration":397,"passed_time":3.100609393,"remaining_time":4.689866468},
{"learn":[6.205288858],"iteration":398,"passed_time":3.107658046,"remaining_time":4.680958611},
{"learn":[6.202902803],"iteration":399,"passed_time":3.115465713,"remaining_time":4.673198569},
{"learn":[6.201567409],"iteration":400,"passed_time":3.122523686,"remaining_time":4.664318423},
{"learn":[6.199213627],"iteration":401,"passed_time":3.130196087,"remaining_time":4.656361344},
{"learn":[6.197249211],"iteration":402,"passed_time":3.137273091,"remaining_time":4.647523661},
{"learn":[6.195147007],"iteration":403,"passed_time":3.144015939,"remaining_time":4.638201732},
{"learn":[6.192965407],"iteration":404,"passed_time":3.151078839,"remaining_time":4.629362738},
{"learn":[6.191648801],"iteration":405,"passed_time":3.158204228,"remaining_time":4.62062392},
{"learn":[6.189174743],"iteration":406,"passed_time":3.164982936,"remaining_time":4.611387914},
{"learn":[6.187282811],"iteration":407,"passed_time":3.17192914,"remaining_time":4.602406988},
{"learn":[6.185417776],"iteration":408,"passed_time":3.179148866,"remaining_time":4.593831247},
{"learn":[6.184100121],"iteration":409,"passed_time":3.185942463,"remaining_time":4.58464891},
{"learn":[6.183219204],"iteration":410,"passed_time":3.192777742,"remaining_time":4.575537932},
{"learn":[6.180593231],"iteration":411,"passed_time":3.199760221,"remaining_time":4.566648082},
{"learn":[6.179159547],"iteration":412,"passed_time":3.206696913,"remaining_time":4.557702392},
{"learn":[6.177593199],"iteration":413,"passed_time":3.215116546,"remaining_time":4.550865449},
{"learn":[6.175792626],"iteration":414,"passed_time":3.22253555,"remaining_time":4.542610354},
{"learn":[6.174728868],"iteration":415,"passed_time":3.229783459,"remaining_time":4.534119087},
{"learn":[6.172101202],"iteration":416,"passed_time":3.237310674,"remaining_time":4.526024276},
{"learn":[6.170737716],"iteration":417,"passed_time":3.244274027,"remaining_time":4.51714709},
{"learn":[6.168614706],"iteration":418,"passed_time":3.251956944,"remaining_time":4.509276813},
{"learn":[6.166836147],"iteration":419,"passed_time":3.256648555,"remaining_time":4.497276577},
{"learn":[6.165071813],"iteration":420,"passed_time":3.260985935,"remaining_time":4.484823887},
{"learn":[6.162933366],"iteration":421,"passed_time":3.26674198,"remaining_time":4.47435276},
{"learn":[6.160507207],"iteration":422,"passed_time":3.270846825,"remaining_time":4.461651579},
{"learn":[6.157607332],"iteration":423,"passed_time":3.27476277,"remaining_time":4.448734329},
{"learn":[6.155782972],"iteration":424,"passed_time":3.278586867,"remaining_time":4.435735173},
{"learn":[6.152431849],"iteration":425,"passed_time":3.28249235,"remaining_time":4.422888753},
{"learn":[6.149869072],"iteration":426,"passed_time":3.286343064,"remaining_time":4.410010716},
{"learn":[6.148285933],"iteration":427,"passed_time":3.290224319,"remaining_time":4.397215679},
{"learn":[6.146170197],"iteration":428,"passed_time":3.294261163,"remaining_time":4.384669287},
{"learn":[6.144621055],"iteration":429,"passed_time":3.298237723,"remaining_time":4.372082563},
{"learn":[6.14284051],"iteration":430,"passed_time":3.302190717,"remaining_time":4.359504682},
{"learn":[6.141474959],"iteration":431,"passed_time":3.305928299,"remaining_time":4.346683505},
{"learn":[6.139915208],"iteration":432,"passed_time":3.309789968,"remaining_time":4.334066771},
{"learn":[6.137730982],"iteration":433,"passed_time":3.31410895,"remaining_time":4.322086787},
{"learn":[6.135679207],"iteration":434,"passed_time":3.318344027,"remaining_time":4.310033046},
{"learn":[6.13386924],"iteration":435,"passed_time":3.32225092,"remaining_time":4.297590639},
{"learn":[6.131958382],"iteration":436,"passed_time":3.326200586,"remaining_time":4.285242403},
{"learn":[6.130865849],"iteration":437,"passed_time":3.329926193,"remaining_time":4.272645024},
{"learn":[6.128668666],"iteration":438,"passed_time":3.335090153,"remaining_time":4.26192614},
{"learn":[6.126475983],"iteration":439,"passed_time":3.338920543,"remaining_time":4.249535237},
{"learn":[6.124445983],"iteration":440,"passed_time":3.344186407,"remaining_time":4.239002725},
{"learn":[6.1229573],"iteration":441,"passed_time":3.349019446,"remaining_time":4.227947627},
{"learn":[6.120472837],"iteration":442,"passed_time":3.35324224,"remaining_time":4.216153335},
{"learn":[6.118901996],"iteration":443,"passed_time":3.358009384,"remaining_time":4.205074815},
{"learn":[6.117496244],"iteration":444,"passed_time":3.363575737,"remaining_time":4.195021425},
{"learn":[6.11521999],"iteration":445,"passed_time":3.368542154,"remaining_time":4.184242944},
{"learn":[6.113096711],"iteration":446,"passed_time":3.373767999,"remaining_time":4.173811418},
{"learn":[6.110814126],"iteration":447,"passed_time":3.380821077,"remaining_time":4.165654541},
{"learn":[6.109219795],"iteration":448,"passed_time":3.389305539,"remaining_time":4.159259136},
{"learn":[6.107662679],"iteration":449,"passed_time":3.396007756,"remaining_time":4.150676146},
{"learn":[6.106709456],"iteration":450,"passed_time":3.403354098,"remaining_time":4.142885587},
{"learn":[6.104965381],"iteration":451,"passed_time":3.410419937,"remaining_time":4.134756914},
{"learn":[6.103478904],"iteration":452,"passed_time":3.420038689,"remaining_time":4.129715592},
{"learn":[6.101886744],"iteration":453,"passed_time":3.427182385,"remaining_time":4.121677494},
{"learn":[6.100158857],"iteration":454,"passed_time":3.434418009,"remaining_time":4.11375344},
{"learn":[6.098923741],"iteration":455,"passed_time":3.441474493,"remaining_time":4.105618694},
{"learn":[6.096642335],"iteration":456,"passed_time":3.448606568,"remaining_time":4.097578482},
{"learn":[6.094338744],"iteration":457,"passed_time":3.455625708,"remaining_time":4.089408589},
{"learn":[6.092076975],"iteration":458,"passed_time":3.462702443,"remaining_time":4.081311594},
{"learn":[6.090502863],"iteration":459,"passed_time":3.469821045,"remaining_time":4.073268183},
{"learn":[6.088784449],"iteration":460,"passed_time":3.476764629,"remaining_time":4.065024154},
{"learn":[6.08699866],"iteration":461,"passed_time":3.483860806,"remaining_time":4.056963449},
{"learn":[6.084706499],"iteration":462,"passed_time":3.490831963,"remaining_time":4.04876191},
{"learn":[6.083736603],"iteration":463,"passed_time":3.497601461,"remaining_time":4.040332722},
{"learn":[6.082229254],"iteration":464,"passed_time":3.504659525,"remaining_time":4.032242679},
{"learn":[6.080770687],"iteration":465,"passed_time":3.511407334,"remaining_time":4.023801537},
{"learn":[6.078570804],"iteration":466,"passed_time":3.518411771,"remaining_time":4.015660544},
{"learn":[6.077304128],"iteration":467,"passed_time":3.525674314,"remaining_time":4.00781781},
{"learn":[6.075680309],"iteration":468,"passed_time":3.533032784,"remaining_time":4.000086158},
{"learn":[6.074347015],"iteration":469,"passed_time":3.540107792,"remaining_time":3.992036446},
{"learn":[6.072121633],"iteration":470,"passed_time":3.546940057,"remaining_time":3.983718238},
{"learn":[6.070228776],"iteration":471,"passed_time":3.555653376,"remaining_time":3.977510556},
{"learn":[6.068363631],"iteration":472,"passed_time":3.564205762,"remaining_time":3.971112974},
{"learn":[6.065936495],"iteration":473,"passed_time":3.571513969,"remaining_time":3.963325628},
{"learn":[6.064488396],"iteration":474,"passed_time":3.578848135,"remaining_time":3.955568991},
{"learn":[6.062515715],"iteration":475,"passed_time":3.586924069,"remaining_time":3.948630698},
{"learn":[6.060835723],"iteration":476,"passed_time":3.593963202,"remaining_time":3.940550848},
{"learn":[6.05968066],"iteration":477,"passed_time":3.601172237,"remaining_time":3.932660895},
{"learn":[6.057277813],"iteration":478,"passed_time":3.608710343,"remaining_time":3.92513171},
{"learn":[6.055014237],"iteration":479,"passed_time":3.617181762,"remaining_time":3.918613575},
{"learn":[6.052848778],"iteration":480,"passed_time":3.624139633,"remaining_time":3.910454198},
{"learn":[6.050991346],"iteration":481,"passed_time":3.631335694,"remaining_time":3.902555787},
{"learn":[6.049074011],"iteration":482,"passed_time":3.638328682,"remaining_time":3.894442917},
{"learn":[6.046867305],"iteration":483,"passed_time":3.646721119,"remaining_time":3.887826647},
{"learn":[6.044838868],"iteration":484,"passed_time":3.654038693,"remaining_time":3.880061705},
{"learn":[6.04306009],"iteration":485,"passed_time":3.661843263,"remaining_time":3.872813657},
{"learn":[6.041575702],"iteration":486,"passed_time":3.668811743,"remaining_time":3.864682596},
{"learn":[6.039810449],"iteration":487,"passed_time":3.67616569,"remaining_time":3.856960724},
{"learn":[6.038016587],"iteration":488,"passed_time":3.683177082,"remaining_time":3.84888239},
{"learn":[6.036597669],"iteration":489,"passed_time":3.690234345,"remaining_time":3.840856155},
{"learn":[6.034484287],"iteration":490,"passed_time":3.69723472,"remaining_time":3.832774894},
{"learn":[6.032335364],"iteration":491,"passed_time":3.70414329,"remaining_time":3.824603235},
{"learn":[6.030129652],"iteration":492,"passed_time":3.711214625,"remaining_time":3.816604087},
{"learn":[6.028415771],"iteration":493,"passed_time":3.718306778,"remaining_time":3.808630019},
{"learn":[6.026539195],"iteration":494,"passed_time":3.725337611,"remaining_time":3.800596957},
{"learn":[6.024520642],"iteration":495,"passed_time":3.732433613,"remaining_time":3.792634155},
{"learn":[6.021799515],"iteration":496,"passed_time":3.740907952,"remaining_time":3.786069819},
{"learn":[6.02025844],"iteration":497,"passed_time":3.748214902,"remaining_time":3.778321046},
{"learn":[6.018574465],"iteration":498,"passed_time":3.755503665,"remaining_time":3.770555784},
{"learn":[6.017838185],"iteration":499,"passed_time":3.763836222,"remaining_time":3.763836222},
{"learn":[6.015850173],"iteration":500,"passed_time":3.771338554,"remaining_time":3.75628331},
{"learn":[6.014388541],"iteration":501,"passed_time":3.778514987,"remaining_time":3.748407298},
{"learn":[6.012630683],"iteration":502,"passed_time":3.78556766,"remaining_time":3.740411784},
{"learn":[6.011319526],"iteration":503,"passed_time":3.79267129,"remaining_time":3.732470158},
{"learn":[6.00932005],"iteration":504,"passed_time":3.800939537,"remaining_time":3.725673408},
{"learn":[6.00676745],"iteration":505,"passed_time":3.807964181,"remaining_time":3.71765673},
{"learn":[6.004889952],"iteration":506,"passed_time":3.814860761,"remaining_time":3.709519438},
{"learn":[6.00302924],"iteration":507,"passed_time":3.82185618,"remaining_time":3.701482757},
{"learn":[6.001748648],"iteration":508,"passed_time":3.828750675,"remaining_time":3.693352812},
{"learn":[6.000428219],"iteration":509,"passed_time":3.835693046,"remaining_time":3.685273711},
{"learn":[5.998897321],"iteration":510,"passed_time":3.842603736,"remaining_time":3.677168741},
{"learn":[5.997441992],"iteration":511,"passed_time":3.849590802,"remaining_time":3.669141233},
{"learn":[5.995830528],"iteration":512,"passed_time":3.856431573,"remaining_time":3.660978901},
{"learn":[5.993895583],"iteration":513,"passed_time":3.863574512,"remaining_time":3.653107418},
{"learn":[5.992457562],"iteration":514,"passed_time":3.870579972,"remaining_time":3.645109294},
{"learn":[5.990982971],"iteration":515,"passed_time":3.877369225,"remaining_time":3.636912219},
{"learn":[5.988850751],"iteration":516,"passed_time":3.88954461,"remaining_time":3.633752508},
{"learn":[5.987097251],"iteration":517,"passed_time":3.901222599,"remaining_time":3.630095159},
{"learn":[5.984949994],"iteration":518,"passed_time":3.912549914,"remaining_time":3.626081904},
{"learn":[5.983557711],"iteration":519,"passed_time":3.925425909,"remaining_time":3.62347007},
{"learn":[5.980810898],"iteration":520,"passed_time":3.937952288,"remaining_time":3.620497401},
{"learn":[5.979785535],"iteration":521,"passed_time":3.950639761,"remaining_time":3.617635644},
{"learn":[5.9786162],"iteration":522,"passed_time":3.962474667,"remaining_time":3.613958731},
{"learn":[5.976837412],"iteration":523,"passed_time":3.974641239,"remaining_time":3.610551965},
{"learn":[5.974895898],"iteration":524,"passed_time":3.986131268,"remaining_time":3.606499719},
{"learn":[5.973080425],"iteration":525,"passed_time":3.998204787,"remaining_time":3.602944998},
{"learn":[5.971127271],"iteration":526,"passed_time":4.011337678,"remaining_time":3.60030877},
{"learn":[5.96952143],"iteration":527,"passed_time":4.023592402,"remaining_time":3.596847753},
{"learn":[5.968017],"iteration":528,"passed_time":4.034791713,"remaining_time":3.592413794},
{"learn":[5.966627276],"iteration":529,"passed_time":4.046217632,"remaining_time":3.588155259},
{"learn":[5.965121578],"iteration":530,"passed_time":4.057752325,"remaining_time":3.583965801},
{"learn":[5.963762563],"iteration":531,"passed_time":4.069070268,"remaining_time":3.579558056},
{"learn":[5.961560739],"iteration":532,"passed_time":4.080505168,"remaining_time":3.575226855},
{"learn":[5.960145978],"iteration":533,"passed_time":4.091545632,"remaining_time":3.57052484},
{"learn":[5.95756395],"iteration":534,"passed_time":4.103675447,"remaining_time":3.566745949},
{"learn":[5.956232698],"iteration":535,"passed_time":4.117620258,"remaining_time":3.564507089},
{"learn":[5.954785795],"iteration":536,"passed_time":4.129777109,"remaining_time":3.560683056},
{"learn":[5.952716983],"iteration":537,"passed_time":4.141757911,"remaining_time":3.556676868},
{"learn":[5.950747453],"iteration":538,"passed_time":4.152955206,"remaining_time":3.551970964},
{"learn":[5.949136826],"iteration":539,"passed_time":4.164082338,"remaining_time":3.547181251},
{"learn":[5.947781848],"iteration":540,"passed_time":4.175450427,"remaining_time":3.542572544},
{"learn":[5.946310708],"iteration":541,"passed_time":4.186594519,"remaining_time":3.537749612},
{"learn":[5.944695077],"iteration":542,"passed_time":4.197911499,"remaining_time":3.533048904},
{"learn":[5.943481234],"iteration":543,"passed_time":4.209304475,"remaining_time":3.528387575},
{"learn":[5.94210966],"iteration":544,"passed_time":4.220437591,"remaining_time":3.523484594},
{"learn":[5.940446452],"iteration":545,"passed_time":4.231972015,"remaining_time":3.518892481},
{"learn":[5.938739068],"iteration":546,"passed_time":4.241983488,"remaining_time":3.513013748},
{"learn":[5.93731024],"iteration":547,"passed_time":4.252306158,"remaining_time":3.507376612},
{"learn":[5.935937656],"iteration":548,"passed_time":4.262265144,"remaining_time":3.501423643},
{"learn":[5.934283894],"iteration":549,"passed_time":4.272449132,"remaining_time":3.495640199},
{"learn":[5.931678937],"iteration":550,"passed_time":4.28275471,"remaining_time":3.489939864},
{"learn":[5.930510126],"iteration":551,"passed_time":4.293453552,"remaining_time":3.484542013},
{"learn":[5.929117049],"iteration":552,"passed_time":4.306644091,"remaining_time":3.481139075},
{"learn":[5.92738686],"iteration":553,"passed_time":4.317510607,"remaining_time":3.475829839},
{"learn":[5.925719363],"iteration":554,"passed_time":4.329457567,"remaining_time":3.471366878},
{"learn":[5.923446184],"iteration":555,"passed_time":4.339998293,"remaining_time":3.465754032},
{"learn":[5.921135942],"iteration":556,"passed_time":4.351046273,"remaining_time":3.460526928},
{"learn":[5.920219836],"iteration":557,"passed_time":4.361770784,"remaining_time":3.455022736},
{"learn":[5.918562839],"iteration":558,"passed_time":4.372502762,"remaining_time":3.449505757},
{"learn":[5.916264619],"iteration":559,"passed_time":4.38474868,"remaining_time":3.445159677},
{"learn":[5.914069419],"iteration":560,"passed_time":4.395379237,"remaining_time":3.439521364},
{"learn":[5.913056652],"iteration":561,"passed_time":4.406140349,"remaining_time":3.433967033},
{"learn":[5.911561079],"iteration":562,"passed_time":4.417603661,"remaining_time":3.428939253},
{"learn":[5.909661496],"iteration":563,"passed_time":4.428729382,"remaining_time":3.423627678},
{"learn":[5.906935785],"iteration":564,"passed_time":4.439599538,"remaining_time":3.41809876},
{"learn":[5.905067967],"iteration":565,"passed_time":4.450320382,"remaining_time":3.412436476},
{"learn":[5.902764758],"iteration":566,"passed_time":4.461365716,"remaining_time":3.407004153},
{"learn":[5.900487685],"iteration":567,"passed_time":4.472656954,"remaining_time":3.401739091},
{"learn":[5.898898524],"iteration":568,"passed_time":4.48391168,"remaining_time":3.396425192},
{"learn":[5.897836205],"iteration":569,"passed_time":4.497174275,"remaining_time":3.392605155},
{"learn":[5.895794648],"iteration":570,"passed_time":4.510988393,"remaining_time":3.389166411},
{"learn":[5.894534798],"iteration":571,"passed_time":4.522187889,"remaining_time":3.383734994},
{"learn":[5.892101215],"iteration":572,"passed_time":4.532418469,"remaining_time":3.377561407},
{"learn":[5.890591697],"iteration":573,"passed_time":4.542921618,"remaining_time":3.371575974},
{"learn":[5.889361158],"iteration":574,"passed_time":4.552864843,"remaining_time":3.365160971},
{"learn":[5.888203748],"iteration":575,"passed_time":4.562925835,"remaining_time":3.358820407},
{"learn":[5.88588522],"iteration":576,"passed_time":4.573686512,"remaining_time":3.352979887},
{"learn":[5.884490078],"iteration":577,"passed_time":4.584283754,"remaining_time":3.347003018},
{"learn":[5.882813957],"iteration":578,"passed_time":4.595177247,"remaining_time":3.341225598},
{"learn":[5.880937676],"iteration":579,"passed_time":4.605602321,"remaining_time":3.335091336},
{"learn":[5.879515343],"iteration":580,"passed_time":4.616523939,"remaining_time":3.329300397},
{"learn":[5.87694775],"iteration":581,"passed_time":4.627478861,"remaining_time":3.323515745},
{"learn":[5.875563591],"iteration":582,"passed_time":4.637991572,"remaining_time":3.317397059},
{"learn":[5.873159854],"iteration":583,"passed_time":4.648731016,"remaining_time":3.311424833},
{"learn":[5.872476764],"iteration":584,"passed_time":4.658997095,"remaining_time":3.305100503},
{"learn":[5.871148119],"iteration":585,"passed_time":4.669669916,"remaining_time":3.299050077},
{"learn":[5.869252417],"iteration":586,"passed_time":4.681408534,"remaining_time":3.293733773},
{"learn":[5.867640265],"iteration":587,"passed_time":4.692725574,"remaining_time":3.288100232},
{"learn":[5.865294681],"iteration":588,"passed_time":4.704360947,"remaining_time":3.282669523},
{"learn":[5.863738403],"iteration":589,"passed_time":4.714800817,"remaining_time":3.276387008},
{"learn":[5.8616344],"iteration":590,"passed_time":4.725534045,"remaining_time":3.270293442},
{"learn":[5.860028948],"iteration":591,"passed_time":4.736208751,"remaining_time":3.264143869},
{"learn":[5.8586534],"iteration":592,"passed_time":4.746848185,"remaining_time":3.257954825},
{"learn":[5.857109665],"iteration":593,"passed_time":4.757537731,"remaining_time":3.251785049},
{"learn":[5.85568376],"iteration":594,"passed_time":4.76854713,"remaining_time":3.245817795},
{"learn":[5.854088044],"iteration":595,"passed_time":4.779638191,"remaining_time":3.239888975},
{"learn":[5.852973923],"iteration":596,"passed_time":4.789630636,"remaining_time":3.23320125},
{"learn":[5.851129377],"iteration":597,"passed_time":4.800655464,"remaining_time":3.227196482},
{"learn":[5.849709381],"iteration":598,"passed_time":4.811439764,"remaining_time":3.221013932},
{"learn":[5.848314737],"iteration":599,"passed_time":4.822170736,"remaining_time":3.214780491},
{"learn":[5.846931817],"iteration":600,"passed_time":4.833811144,"remaining_time":3.209135851},
{"learn":[5.845443236],"iteration":601,"passed_time":4.844857604,"remaining_time":3.203078615},
{"learn":[5.844245729],"iteration":602,"passed_time":4.856806773,"remaining_time":3.197599152},
{"learn":[5.843011305],"iteration":603,"passed_time":4.868610901,"remaining_time":3.192003174},
{"learn":[5.841891119],"iteration":604,"passed_time":4.880116577,"remaining_time":3.186191815},
{"learn":[5.840614404],"iteration":605,"passed_time":4.891409417,"remaining_time":3.180223284},
{"learn":[5.839363093],"iteration":606,"passed_time":4.902325953,"remaining_time":3.173993574},
{"learn":[5.837911138],"iteration":607,"passed_time":4.913487662,"remaining_time":3.167906519},
{"learn":[5.83590703],"iteration":608,"passed_time":4.92390496,"remaining_time":3.161324859},
{"learn":[5.834555568],"iteration":609,"passed_time":4.935841354,"remaining_time":3.155701849},
{"learn":[5.833092957],"iteration":610,"passed_time":4.946037788,"remaining_time":3.148950409},
{"learn":[5.831638395],"iteration":611,"passed_time":4.956706867,"remaining_time":3.14248736},
{"learn":[5.829440408],"iteration":612,"passed_time":4.967285792,"remaining_time":3.135953673},
{"learn":[5.828029509],"iteration":613,"passed_time":4.977773447,"remaining_time":3.129349431},
{"learn":[5.826466435],"iteration":614,"passed_time":4.98919898,"remaining_time":3.123319687},
{"learn":[5.825126646],"iteration":615,"passed_time":5.000645633,"remaining_time":3.117285589},
{"learn":[5.823429333],"iteration":616,"passed_time":5.011526911,"remaining_time":3.110882994},
{"learn":[5.821749269],"iteration":617,"passed_time":5.021912341,"remaining_time":3.104159408},
{"learn":[5.819694235],"iteration":618,"passed_time":5.033937989,"remaining_time":3.09843356},
{"learn":[5.817973223],"iteration":619,"passed_time":5.044754485,"remaining_time":3.091946297},
{"learn":[5.816245008],"iteration":620,"passed_time":5.056016045,"remaining_time":3.085716716},
{"learn":[5.814968681],"iteration":621,"passed_time":5.067296622,"remaining_time":3.079482513},
{"learn":[5.813225588],"iteration":622,"passed_time":5.078969253,"remaining_time":3.073469355},
{"learn":[5.811513388],"iteration":623,"passed_time":5.089569015,"remaining_time":3.066791586},
{"learn":[5.809419922],"iteration":624,"passed_time":5.10060547,"remaining_time":3.060363282},
{"learn":[5.808249786],"iteration":625,"passed_time":5.111231166,"remaining_time":3.05367485},
{"learn":[5.807152649],"iteration":626,"passed_time":5.121955017,"remaining_time":3.047032251},
{"learn":[5.805686405],"iteration":627,"passed_time":5.132384821,"remaining_time":3.040202474},
{"learn":[5.804288691],"iteration":628,"passed_time":5.143094965,"remaining_time":3.033526601},
{"learn":[5.802907618],"iteration":629,"passed_time":5.153763236,"remaining_time":3.026813329},
{"learn":[5.801077621],"iteration":630,"passed_time":5.164951378,"remaining_time":3.020391535},
{"learn":[5.799511303],"iteration":631,"passed_time":5.176178336,"remaining_time":3.013977259},
{"learn":[5.797977328],"iteration":632,"passed_time":5.186947276,"remaining_time":3.007282228},
{"learn":[5.796875032],"iteration":633,"passed_time":5.197286495,"remaining_time":3.000326273},
{"learn":[5.794577281],"iteration":634,"passed_time":5.208846935,"remaining_time":2.994061624},
{"learn":[5.792861351],"iteration":635,"passed_time":5.219675163,"remaining_time":2.987361257},
{"learn":[5.791237013],"iteration":636,"passed_time":5.232080402,"remaining_time":2.981546603},
{"learn":[5.790240094],"iteration":637,"passed_time":5.243719131,"remaining_time":2.975276372},
{"learn":[5.788320492],"iteration":638,"passed_time":5.255053675,"remaining_time":2.968817491},
{"learn":[5.786324219],"iteration":639,"passed_time":5.26618192,"remaining_time":2.96222733},
{"learn":[5.78514435],"iteration":640,"passed_time":5.276662598,"remaining_time":2.955260332},
{"learn":[5.783433529],"iteration":641,"passed_time":5.288221458,"remaining_time":2.948883617},
{"learn":[5.781666],"iteration":642,"passed_time":5.29904325,"remaining_time":2.942081556},
{"learn":[5.778728581],"iteration":643,"passed_time":5.310085671,"remaining_time":2.935388974},
{"learn":[5.777679201],"iteration":644,"passed_time":5.323299074,"remaining_time":2.929877785},
{"learn":[5.776366816],"iteration":645,"passed_time":5.334036674,"remaining_time":2.922986041},
{"learn":[5.774883217],"iteration":646,"passed_time":5.344472937,"remaining_time":2.915918001},
{"learn":[5.774041389],"iteration":647,"passed_time":5.354896566,"remaining_time":2.908832702},
{"learn":[5.772645506],"iteration":648,"passed_time":5.365838231,"remaining_time":2.902017287},
{"learn":[5.77096957],"iteration":649,"passed_time":5.376566743,"remaining_time":2.8950744},
{"learn":[5.768946704],"iteration":650,"passed_time":5.38704972,"remaining_time":2.887988252},
{"learn":[5.766669991],"iteration":651,"passed_time":5.397687622,"remaining_time":2.880974375},
{"learn":[5.764142935],"iteration":652,"passed_time":5.408112137,"remaining_time":2.873836006},
{"learn":[5.762480015],"iteration":653,"passed_time":5.419607012,"remaining_time":2.867253863},
{"learn":[5.760640007],"iteration":654,"passed_time":5.432761847,"remaining_time":2.861531049},
{"learn":[5.758645341],"iteration":655,"passed_time":5.443285256,"remaining_time":2.854405683},
{"learn":[5.756921532],"iteration":656,"passed_time":5.453720794,"remaining_time":2.847224098},
{"learn":[5.755013952],"iteration":657,"passed_time":5.464436758,"remaining_time":2.840178376},
{"learn":[5.753361393],"iteration":658,"passed_time":5.474640925,"remaining_time":2.832856685},
{"learn":[5.752130811],"iteration":659,"passed_time":5.484744381,"remaining_time":2.825474378},
{"learn":[5.750908471],"iteration":660,"passed_time":5.494959739,"remaining_time":2.818141228},
{"learn":[5.749763608],"iteration":661,"passed_time":5.505274692,"remaining_time":2.81085022},
{"learn":[5.74764624],"iteration":662,"passed_time":5.51588875,"remaining_time":2.803702125},
{"learn":[5.745428989],"iteration":663,"passed_time":5.526149884,"remaining_time":2.796365002},
{"learn":[5.744316654],"iteration":664,"passed_time":5.536458896,"remaining_time":2.789043203},
{"learn":[5.742368325],"iteration":665,"passed_time":5.546947471,"remaining_time":2.781802485},
{"learn":[5.74101305],"iteration":666,"passed_time":5.557501469,"remaining_time":2.774584691},
{"learn":[5.739264225],"iteration":667,"passed_time":5.567928783,"remaining_time":2.767293946},
{"learn":[5.736785492],"iteration":668,"passed_time":5.578665071,"remaining_time":2.760146694},
{"learn":[5.73516243],"iteration":669,"passed_time":5.591029576,"remaining_time":2.753790687},
{"learn":[5.733263005],"iteration":670,"passed_time":5.603371148,"remaining_time":2.747405525},
{"learn":[5.731773923],"iteration":671,"passed_time":5.614368099,"remaining_time":2.740346334},
{"learn":[5.730734162],"iteration":672,"passed_time":5.626302619,"remaining_time":2.73373099},
{"learn":[5.727882226],"iteration":673,"passed_time":5.637292307,"remaining_time":2.726642867},
{"learn":[5.726600453],"iteration":674,"passed_time":5.648198637,"remaining_time":2.719503047},
{"learn":[5.725447766],"iteration":675,"passed_time":5.658380141,"remaining_time":2.712004683},
{"learn":[5.724159691],"iteration":676,"passed_time":5.668737936,"remaining_time":2.704582501},
{"learn":[5.722218579],"iteration":677,"passed_time":5.679285832,"remaining_time":2.697241944},
{"learn":[5.720576543],"iteration":678,"passed_time":5.690626707,"remaining_time":2.690266823},
{"learn":[5.719142137],"iteration":679,"passed_time":5.701366294,"remaining_time":2.682995903},
{"learn":[5.717195826],"iteration":680,"passed_time":5.713670106,"remaining_time":2.676447524},
{"learn":[5.715848418],"iteration":681,"passed_time":5.726089275,"remaining_time":2.669936055},
{"learn":[5.71383806],"iteration":682,"passed_time":5.738069131,"remaining_time":2.663203389},
{"learn":[5.712664053],"iteration":683,"passed_time":5.749497779,"remaining_time":2.656200728},
{"learn":[5.71117041],"iteration":684,"passed_time":5.761536748,"remaining_time":2.649465804},
{"learn":[5.70905255],"iteration":685,"passed_time":5.771778156,"remaining_time":2.641892625},
{"learn":[5.708118385],"iteration":686,"passed_time":5.783512961,"remaining_time":2.634992077},
{"learn":[5.706609331],"iteration":687,"passed_time":5.793641872,"remaining_time":2.627349221},
{"learn":[5.705312308],"iteration":688,"passed_time":5.804851888,"remaining_time":2.620187137},
{"learn":[5.703242847],"iteration":689,"passed_time":5.815803012,"remaining_time":2.612897006},
{"learn":[5.701507867],"iteration":690,"passed_time":5.827838124,"remaining_time":2.606081013},
{"learn":[5.70041622],"iteration":691,"passed_time":5.838334766,"remaining_time":2.598565185},
{"learn":[5.698308759],"iteration":692,"passed_time":5.851160525,"remaining_time":2.592072556},
{"learn":[5.697590184],"iteration":693,"passed_time":5.861671241,"remaining_time":2.584540922},
{"learn":[5.695951432],"iteration":694,"passed_time":5.872448309,"remaining_time":2.577117603},
{"learn":[5.69500249],"iteration":695,"passed_time":5.88289368,"remaining_time":2.569539768},
{"learn":[5.693131298],"iteration":696,"passed_time":5.893973259,"remaining_time":2.562229408},
{"learn":[5.692072894],"iteration":697,"passed_time":5.905007393,"remaining_time":2.554888585},
{"learn":[5.690349594],"iteration":698,"passed_time":5.916038484,"remaining_time":2.547535885},
{"learn":[5.689120037],"iteration":699,"passed_time":5.92751543,"remaining_time":2.540363756},
{"learn":[5.687190371],"iteration":700,"passed_time":5.938578639,"remaining_time":2.533002872},
{"learn":[5.685518532],"iteration":701,"passed_time":5.948810328,"remaining_time":2.525278458},
{"learn":[5.684034794],"iteration":702,"passed_time":5.959479271,"remaining_time":2.517731641},
{"learn":[5.683214948],"iteration":703,"passed_time":5.971783544,"remaining_time":2.510863536},
{"learn":[5.681645624],"iteration":704,"passed_time":5.982838602,"remaining_time":2.503457287},
{"learn":[5.680151935],"iteration":705,"passed_time":5.993223624,"remaining_time":2.495761679},
{"learn":[5.679169796],"iteration":706,"passed_time":6.003782384,"remaining_time":2.488130465},
{"learn":[5.677813807],"iteration":707,"passed_time":6.014178371,"remaining_time":2.480423848},
{"learn":[5.676575033],"iteration":708,"passed_time":6.024167441,"remaining_time":2.472542631},
{"learn":[5.675180501],"iteration":709,"passed_time":6.034865249,"remaining_time":2.464944961},
{"learn":[5.673691226],"iteration":710,"passed_time":6.045540805,"remaining_time":2.457329526},
{"learn":[5.67149534],"iteration":711,"passed_time":6.055655859,"remaining_time":2.449478774},
{"learn":[5.670139956],"iteration":712,"passed_time":6.066108756,"remaining_time":2.441757662},
{"learn":[5.668923922],"iteration":713,"passed_time":6.076283828,"remaining_time":2.433917612},
{"learn":[5.667334246],"iteration":714,"passed_time":6.086596671,"remaining_time":2.426125946},
{"learn":[5.665665246],"iteration":715,"passed_time":6.097577831,"remaining_time":2.418592324},
{"learn":[5.66463171],"iteration":716,"passed_time":6.108588918,"remaining_time":2.411060898},
{"learn":[5.663275072],"iteration":717,"passed_time":6.120360357,"remaining_time":2.403818413},
{"learn":[5.662485935],"iteration":718,"passed_time":6.131890369,"remaining_time":2.396468976},
{"learn":[5.661152016],"iteration":719,"passed_time":6.143248641,"remaining_time":2.389041138},
{"learn":[5.658984241],"iteration":720,"passed_time":6.154270024,"remaining_time":2.381472034},
{"learn":[5.657028371],"iteration":721,"passed_time":6.167110309,"remaining_time":2.37459372},
{"learn":[5.655335219],"iteration":722,"passed_time":6.179557575,"remaining_time":2.367548338},
{"learn":[5.652697751],"iteration":723,"passed_time":6.192035045,"remaining_time":2.360499547},
{"learn":[5.651581607],"iteration":724,"passed_time":6.204125302,"remaining_time":2.353288908},
{"learn":[5.650593318],"iteration":725,"passed_time":6.215374126,"remaining_time":2.345747259},
{"learn":[5.64871604],"iteration":726,"passed_time":6.227710146,"remaining_time":2.338603673},
{"learn":[5.647623054],"iteration":727,"passed_time":6.240346074,"remaining_time":2.331557874},
{"learn":[5.645795729],"iteration":728,"passed_time":6.251886946,"remaining_time":2.32408966},
{"learn":[5.644271028],"iteration":729,"passed_time":6.263523129,"remaining_time":2.316645541},
{"learn":[5.643295529],"iteration":730,"passed_time":6.275280836,"remaining_time":2.309234671},
{"learn":[5.642464261],"iteration":731,"passed_time":6.286708413,"remaining_time":2.301691058},
{"learn":[5.640745785],"iteration":732,"passed_time":6.297458339,"remaining_time":2.293890009},
{"learn":[5.638571],"iteration":733,"passed_time":6.307657336,"remaining_time":2.285881269},
{"learn":[5.637552905],"iteration":734,"passed_time":6.317864146,"remaining_time":2.277869386},
{"learn":[5.635958667],"iteration":735,"passed_time":6.327877898,"remaining_time":2.26978229},
{"learn":[5.635199931],"iteration":736,"passed_time":6.338207524,"remaining_time":2.261802685},
{"learn":[5.633209542],"iteration":737,"passed_time":6.349706989,"remaining_time":2.254232021},
{"learn":[5.631752233],"iteration":738,"passed_time":6.361184596,"remaining_time":2.246643003},
{"learn":[5.630189743],"iteration":739,"passed_time":6.372650932,"remaining_time":2.239039517},
{"learn":[5.628507037],"iteration":740,"passed_time":6.383326386,"remaining_time":2.231149169},
{"learn":[5.627277504],"iteration":741,"passed_time":6.393998695,"remaining_time":2.22325022},
{"learn":[5.626019262],"iteration":742,"passed_time":6.406528887,"remaining_time":2.215986439},
{"learn":[5.624838695],"iteration":743,"passed_time":6.418342161,"remaining_time":2.208461819},
{"learn":[5.622851863],"iteration":744,"passed_time":6.42989217,"remaining_time":2.200835575},
{"learn":[5.621666582],"iteration":745,"passed_time":6.440458855,"remaining_time":2.192864007},
{"learn":[5.620367567],"iteration":746,"passed_time":6.450609928,"remaining_time":2.184744728},
{"learn":[5.619053809],"iteration":747,"passed_time":6.460539651,"remaining_time":2.176545444},
{"learn":[5.617339289],"iteration":748,"passed_time":6.470567195,"remaining_time":2.16837432},
{"learn":[5.615326423],"iteration":749,"passed_time":6.481171847,"remaining_time":2.160390616},
{"learn":[5.614356958],"iteration":750,"passed_time":6.491493598,"remaining_time":2.152306133},
{"learn":[5.613359005],"iteration":751,"passed_time":6.501759249,"remaining_time":2.144197199},
{"learn":[5.611894873],"iteration":752,"passed_time":6.51216442,"remaining_time":2.136128302},
{"learn":[5.609462779],"iteration":753,"passed_time":6.522767642,"remaining_time":2.128117825},
{"learn":[5.607741671],"iteration":754,"passed_time":6.534848132,"remaining_time":2.120579857},
{"learn":[5.605388984],"iteration":755,"passed_time":6.545790088,"remaining_time":2.112662409},
{"learn":[5.604134413],"iteration":756,"passed_time":6.556483226,"remaining_time":2.104657099},
{"learn":[5.603101277],"iteration":757,"passed_time":6.567368944,"remaining_time":2.09670618},
{"learn":[5.601036049],"iteration":758,"passed_time":6.578559988,"remaining_time":2.088844476},
{"learn":[5.599276346],"iteration":759,"passed_time":6.588626398,"remaining_time":2.080618862},
{"learn":[5.597991752],"iteration":760,"passed_time":6.600503603,"remaining_time":2.07295711},
{"learn":[5.596557048],"iteration":761,"passed_time":6.610731316,"remaining_time":2.064769099},
{"learn":[5.595075577],"iteration":762,"passed_time":6.620945898,"remaining_time":2.056571662},
{"learn":[5.59356315],"iteration":763,"passed_time":6.631281623,"remaining_time":2.048406365},
{"learn":[5.592163732],"iteration":764,"passed_time":6.641639748,"remaining_time":2.040242276},
{"learn":[5.590606778],"iteration":765,"passed_time":6.652037609,"remaining_time":2.032084596},
{"learn":[5.588807499],"iteration":766,"passed_time":6.662273603,"remaining_time":2.023871903},
{"learn":[5.586782344],"iteration":767,"passed_time":6.672394514,"remaining_time":2.015619176},
{"learn":[5.585237672],"iteration":768,"passed_time":6.682714703,"remaining_time":2.007421452},
{"learn":[5.583508211],"iteration":769,"passed_time":6.693018951,"remaining_time":1.999213453},
{"learn":[5.581901203],"iteration":770,"passed_time":6.703324239,"remaining_time":1.991000325},
{"learn":[5.580404055],"iteration":771,"passed_time":6.714028737,"remaining_time":1.982899679},
{"learn":[5.57916041],"iteration":772,"passed_time":6.727254527,"remaining_time":1.975532701},
{"learn":[5.57741],"iteration":773,"passed_time":6.740011322,"remaining_time":1.968013642},
{"learn":[5.575582341],"iteration":774,"passed_time":6.752990606,"remaining_time":1.96054566},
{"learn":[5.573863156],"iteration":775,"passed_time":6.764541486,"remaining_time":1.952651151},
{"learn":[5.572573805],"iteration":776,"passed_time":6.776141322,"remaining_time":1.94476128},
{"learn":[5.57045489],"iteration":777,"passed_time":6.788033972,"remaining_time":1.936945427},
{"learn":[5.569408621],"iteration":778,"passed_time":6.79930895,"remaining_time":1.928943874},
{"learn":[5.568290502],"iteration":779,"passed_time":6.811269825,"remaining_time":1.921127387},
{"learn":[5.566361086],"iteration":780,"passed_time":6.823414184,"remaining_time":1.913351737},
{"learn":[5.564670771],"iteration":781,"passed_time":6.83642058,"remaining_time":1.905805226},
{"learn":[5.56254969],"iteration":782,"passed_time":6.847970571,"remaining_time":1.897841142},
{"learn":[5.560800659],"iteration":783,"passed_time":6.861183454,"remaining_time":1.890326054},
{"learn":[5.559502462],"iteration":784,"passed_time":6.871304116,"remaining_time":1.881949535},
{"learn":[5.557405189],"iteration":785,"passed_time":6.882273903,"remaining_time":1.873799765},
{"learn":[5.556319317],"iteration":786,"passed_time":6.89304495,"remaining_time":1.86558904},
{"learn":[5.554584675],"iteration":787,"passed_time":6.903667807,"remaining_time":1.857331948},
{"learn":[5.552755854],"iteration":788,"passed_time":6.914729744,"remaining_time":1.849186281},
{"learn":[5.550952232],"iteration":789,"passed_time":6.927890157,"remaining_time":1.841591054},
{"learn":[5.549850765],"iteration":790,"passed_time":6.93910923,"remaining_time":1.83346881},
{"learn":[5.548590858],"iteration":791,"passed_time":6.950321189,"remaining_time":1.825336878},
{"learn":[5.547562471],"iteration":792,"passed_time":6.960356144,"remaining_time":1.816889939},
{"learn":[5.545913384],"iteration":793,"passed_time":6.970710403,"remaining_time":1.808521843},
{"learn":[5.544100689],"iteration":794,"passed_time":6.981255271,"remaining_time":1.8001979},
{"learn":[5.542016537],"iteration":795,"passed_time":6.992216201,"remaining_time":1.791975006},
{"learn":[5.540686437],"iteration":796,"passed_time":7.002720949,"remaining_time":1.78362905},
{"learn":[5.539264597],"iteration":797,"passed_time":7.013278524,"remaining_time":1.775291055},
{"learn":[5.53785418],"iteration":798,"passed_time":7.02357126,"remaining_time":1.76688088},
{"learn":[5.536344567],"iteration":799,"passed_time":7.033601606,"remaining_time":1.758400402},
{"learn":[5.534770479],"iteration":800,"passed_time":7.044382352,"remaining_time":1.750102482},
{"learn":[5.53310659],"iteration":801,"passed_time":7.054757788,"remaining_time":1.741698307},
{"learn":[5.531760337],"iteration":802,"passed_time":7.065555675,"remaining_time":1.733392862},
{"learn":[5.530521859],"iteration":803,"passed_time":7.076771403,"remaining_time":1.725183078},
{"learn":[5.529108078],"iteration":804,"passed_time":7.087915086,"remaining_time":1.716948375},
{"learn":[5.527894025],"iteration":805,"passed_time":7.101206182,"remaining_time":1.709223324},
{"learn":[5.525725472],"iteration":806,"passed_time":7.113023219,"remaining_time":1.701131947},
{"learn":[5.52364229],"iteration":807,"passed_time":7.12409365,"remaining_time":1.692853937},
{"learn":[5.522515911],"iteration":808,"passed_time":7.134882816,"remaining_time":1.684502618},
{"learn":[5.521305337],"iteration":809,"passed_time":7.146134839,"remaining_time":1.676253851},
{"learn":[5.520191464],"iteration":810,"passed_time":7.156854365,"remaining_time":1.667873582},
{"learn":[5.518561075],"iteration":811,"passed_time":7.168559678,"remaining_time":1.659715787},
{"learn":[5.517210423],"iteration":812,"passed_time":7.179394385,"remaining_time":1.651349016},
{"learn":[5.515816384],"iteration":813,"passed_time":7.189886282,"remaining_time":1.642897848},
{"learn":[5.514278878],"iteration":814,"passed_time":7.202538012,"remaining_time":1.634931941},
{"learn":[5.513119294],"iteration":815,"passed_time":7.214275026,"remaining_time":1.62674829},
{"learn":[5.511952892],"iteration":816,"passed_time":7.225714011,"remaining_time":1.618489185},
{"learn":[5.510982775],"iteration":817,"passed_time":7.236179469,"remaining_time":1.610005701},
{"learn":[5.509944965],"iteration":818,"passed_time":7.246765538,"remaining_time":1.601544032},
{"learn":[5.508724874],"iteration":819,"passed_time":7.257115366,"remaining_time":1.593025324},
{"learn":[5.507721207],"iteration":820,"passed_time":7.267362407,"remaining_time":1.584479745},
{"learn":[5.505994197],"iteration":821,"passed_time":7.278818195,"remaining_time":1.576191775},
{"learn":[5.504749976],"iteration":822,"passed_time":7.289936777,"remaining_time":1.567823584},
{"learn":[5.503281722],"iteration":823,"passed_time":7.300680102,"remaining_time":1.559368566},
{"learn":[5.501851381],"iteration":824,"passed_time":7.314843464,"remaining_time":1.551633462},
{"learn":[5.500593101],"iteration":825,"passed_time":7.325203065,"remaining_time":1.543081517},
{"learn":[5.499205632],"iteration":826,"passed_time":7.336195175,"remaining_time":1.534657515},
{"learn":[5.498031435],"iteration":827,"passed_time":7.346555974,"remaining_time":1.526096169},
{"learn":[5.496713022],"iteration":828,"passed_time":7.356869879,"remaining_time":1.517520807},
{"learn":[5.49532022],"iteration":829,"passed_time":7.367295461,"remaining_time":1.50896413},
{"learn":[5.493982787],"iteration":830,"passed_time":7.377331944,"remaining_time":1.500323825},
{"learn":[5.492213693],"iteration":831,"passed_time":7.387771683,"remaining_time":1.49176159},
{"learn":[5.490575675],"iteration":832,"passed_time":7.398226973,"remaining_time":1.483197965},
{"learn":[5.489193739],"iteration":833,"passed_time":7.408733297,"remaining_time":1.474639961},
{"learn":[5.487777282],"iteration":834,"passed_time":7.418957145,"remaining_time":1.466021472},
{"learn":[5.485851367],"iteration":835,"passed_time":7.42932627,"remaining_time":1.457427642},
{"learn":[5.48397612],"iteration":836,"passed_time":7.439486073,"remaining_time":1.448788805},
{"learn":[5.482675464],"iteration":837,"passed_time":7.450193855,"remaining_time":1.440252273},
{"learn":[5.480999523],"iteration":838,"passed_time":7.462237697,"remaining_time":1.431966948},
{"learn":[5.479478868],"iteration":839,"passed_time":7.473296396,"remaining_time":1.423485028},
{"learn":[5.477956658],"iteration":840,"passed_time":7.484232945,"remaining_time":1.414973886},
{"learn":[5.476846387],"iteration":841,"passed_time":7.494960115,"remaining_time":1.406417694},
{"learn":[5.47605082],"iteration":842,"passed_time":7.506132072,"remaining_time":1.397939188},
{"learn":[5.475032263],"iteration":843,"passed_time":7.516186706,"remaining_time":1.38924778},
{"learn":[5.473657012],"iteration":844,"passed_time":7.526694495,"remaining_time":1.380636268},
{"learn":[5.472467466],"iteration":845,"passed_time":7.537147082,"remaining_time":1.372010225},
{"learn":[5.471663865],"iteration":846,"passed_time":7.547077624,"remaining_time":1.363285568},
{"learn":[5.470894793],"iteration":847,"passed_time":7.557198296,"remaining_time":1.354592147},
{"learn":[5.469140266],"iteration":848,"passed_time":7.56730439,"remaining_time":1.345892771},
{"learn":[5.468046487],"iteration":849,"passed_time":7.577472,"remaining_time":1.337200941},
{"learn":[5.466764258],"iteration":850,"passed_time":7.588021702,"remaining_time":1.328572542},
{"learn":[5.465192007],"iteration":851,"passed_time":7.598900575,"remaining_time":1.319996814},
{"learn":[5.463927751],"iteration":852,"passed_time":7.609887458,"remaining_time":1.311434298},
{"learn":[5.462516369],"iteration":853,"passed_time":7.621202703,"remaining_time":1.302922242},
{"learn":[5.460931407],"iteration":854,"passed_time":7.632711211,"remaining_time":1.294436404},
{"learn":[5.459703005],"iteration":855,"passed_time":7.644205675,"remaining_time":1.285941142},
{"learn":[5.458022332],"iteration":856,"passed_time":7.656460551,"remaining_time":1.277565763},
{"learn":[5.457049143],"iteration":857,"passed_time":7.667117166,"remaining_time":1.268916827},
{"learn":[5.456139351],"iteration":858,"passed_time":7.678571483,"remaining_time":1.260394155},
{"learn":[5.45435632],"iteration":859,"passed_time":7.689499045,"remaining_time":1.251778914},
{"learn":[5.453243556],"iteration":860,"passed_time":7.70084399,"remaining_time":1.243225685},
{"learn":[5.451803885],"iteration":861,"passed_time":7.711765712,"remaining_time":1.234598223},
{"learn":[5.451056266],"iteration":862,"passed_time":7.72185645,"remaining_time":1.225833527},
{"learn":[5.450082444],"iteration":863,"passed_time":7.73206417,"remaining_time":1.217084175},
{"learn":[5.448993833],"iteration":864,"passed_time":7.742288171,"remaining_time":1.208333992},
{"learn":[5.447616712],"iteration":865,"passed_time":7.752380639,"remaining_time":1.199560053},
{"learn":[5.445908298],"iteration":866,"passed_time":7.763563438,"remaining_time":1.190950331},
{"learn":[5.443859723],"iteration":867,"passed_time":7.773891501,"remaining_time":1.182204698},
{"learn":[5.442370748],"iteration":868,"passed_time":7.783889124,"remaining_time":1.17340561},
{"learn":[5.441136296],"iteration":869,"passed_time":7.794115548,"remaining_time":1.164637955},
{"learn":[5.440318476],"iteration":870,"passed_time":7.805577082,"remaining_time":1.156049878},
{"learn":[5.439360199],"iteration":871,"passed_time":7.815790898,"remaining_time":1.147272058},
{"learn":[5.438003497],"iteration":872,"passed_time":7.825934453,"remaining_time":1.138480728},
{"learn":[5.436746501],"iteration":873,"passed_time":7.837716668,"remaining_time":1.12992254},
{"learn":[5.435424706],"iteration":874,"passed_time":7.848123583,"remaining_time":1.121160512},
{"learn":[5.434168667],"iteration":875,"passed_time":7.858796147,"remaining_time":1.112432331},
{"learn":[5.433227893],"iteration":876,"passed_time":7.870027643,"remaining_time":1.103778107},
{"learn":[5.431911437],"iteration":877,"passed_time":7.880572435,"remaining_time":1.095022593},
{"learn":[5.430127497],"iteration":878,"passed_time":7.891263685,"remaining_time":1.086283169},
{"learn":[5.428848288],"iteration":879,"passed_time":7.901720046,"remaining_time":1.077507279},
{"learn":[5.42756735],"iteration":880,"passed_time":7.912021353,"remaining_time":1.06870663},
{"learn":[5.426121632],"iteration":881,"passed_time":7.922298918,"remaining_time":1.059899402},
{"learn":[5.424804555],"iteration":882,"passed_time":7.932567102,"remaining_time":1.0510876},
{"learn":[5.423820789],"iteration":883,"passed_time":7.942913523,"remaining_time":1.04228277},
{"learn":[5.42302069],"iteration":884,"passed_time":7.953427913,"remaining_time":1.033496282},
{"learn":[5.421296017],"iteration":885,"passed_time":7.963714791,"remaining_time":1.024676621},
{"learn":[5.420654093],"iteration":886,"passed_time":7.973966226,"remaining_time":1.015849136},
{"learn":[5.419869551],"iteration":887,"passed_time":7.984515423,"remaining_time":1.007055999},
{"learn":[5.418677488],"iteration":888,"passed_time":7.994930433,"remaining_time":0.9982421576},
{"learn":[5.417698993],"iteration":889,"passed_time":8.005496131,"remaining_time":0.9894433421},
{"learn":[5.416121786],"iteration":890,"passed_time":8.017878479,"remaining_time":0.9808627993},
{"learn":[5.414577417],"iteration":891,"passed_time":8.029033125,"remaining_time":0.9721250869},
{"learn":[5.412994515],"iteration":892,"passed_time":8.040690206,"remaining_time":0.9634421635},
{"learn":[5.411725598],"iteration":893,"passed_time":8.051110295,"remaining_time":0.9546059186},
{"learn":[5.410560665],"iteration":894,"passed_time":8.061232245,"remaining_time":0.9457311573},
{"learn":[5.409342407],"iteration":895,"passed_time":8.071546311,"remaining_time":0.9368759111},
{"learn":[5.407105638],"iteration":896,"passed_time":8.081810879,"remaining_time":0.9280117286},
{"learn":[5.406186241],"iteration":897,"passed_time":8.092102725,"remaining_time":0.9191475256},
{"learn":[5.404099675],"iteration":898,"passed_time":8.102843835,"remaining_time":0.91033062},
{"learn":[5.402841035],"iteration":899,"passed_time":8.114470069,"remaining_time":0.9016077855},
{"learn":[5.40149176],"iteration":900,"passed_time":8.125036581,"remaining_time":0.8927620661},
{"learn":[5.400517665],"iteration":901,"passed_time":8.136287433,"remaining_time":0.8839868829},
{"learn":[5.399836202],"iteration":902,"passed_time":8.146700055,"remaining_time":0.8751161742},
{"learn":[5.397648303],"iteration":903,"passed_time":8.157439919,"remaining_time":0.8662768055},
{"learn":[5.396440723],"iteration":904,"passed_time":8.16815901,"remaining_time":0.8574310563},
{"learn":[5.395366162],"iteration":905,"passed_time":8.178758071,"remaining_time":0.8485687182},
{"learn":[5.394236684],"iteration":906,"passed_time":8.189210958,"remaining_time":0.8396875624},
{"learn":[5.393187712],"iteration":907,"passed_time":8.199309242,"remaining_time":0.8307670157},
{"learn":[5.391812194],"iteration":908,"passed_time":8.207231567,"remaining_time":0.8216260425},
{"learn":[5.390675659],"iteration":909,"passed_time":8.213083824,"remaining_time":0.8122830155},
{"learn":[5.389184443],"iteration":910,"passed_time":8.219109738,"remaining_time":0.8029646176},
{"learn":[5.387697791],"iteration":911,"passed_time":8.225734602,"remaining_time":0.7937112335},
{"learn":[5.385549231],"iteration":912,"passed_time":8.23244995,"remaining_time":0.7844722296},
{"learn":[5.385066771],"iteration":913,"passed_time":8.238609068,"remaining_time":0.7751864112},
{"learn":[5.383728597],"iteration":914,"passed_time":8.245323581,"remaining_time":0.7659590212},
{"learn":[5.38223469],"iteration":915,"passed_time":8.251528412,"remaining_time":0.7566903784},
{"learn":[5.380880852],"iteration":916,"passed_time":8.258656518,"remaining_time":0.7475119859},
{"learn":[5.379699725],"iteration":917,"passed_time":8.263117517,"remaining_time":0.7380998218},
{"learn":[5.378511992],"iteration":918,"passed_time":8.267670826,"remaining_time":0.728706569},
{"learn":[5.377239748],"iteration":919,"passed_time":8.272127312,"remaining_time":0.7193154184},
{"learn":[5.376294895],"iteration":920,"passed_time":8.276947213,"remaining_time":0.7099661562},
{"learn":[5.375030428],"iteration":921,"passed_time":8.282480518,"remaining_time":0.7006870721},
{"learn":[5.373701976],"iteration":922,"passed_time":8.287113888,"remaining_time":0.6913410286},
{"learn":[5.372489726],"iteration":923,"passed_time":8.291625871,"remaining_time":0.6819952015},
{"learn":[5.371271764],"iteration":924,"passed_time":8.296073216,"remaining_time":0.6726545851},
{"learn":[5.370220493],"iteration":925,"passed_time":8.30050159,"remaining_time":0.6633230212},
{"learn":[5.368663705],"iteration":926,"passed_time":8.304885765,"remaining_time":0.6539985554},
{"learn":[5.367295438],"iteration":927,"passed_time":8.310379894,"remaining_time":0.6447708539},
{"learn":[5.365612017],"iteration":928,"passed_time":8.316198078,"remaining_time":0.6355759565},
{"learn":[5.364692454],"iteration":929,"passed_time":8.320426802,"remaining_time":0.626268684},
{"learn":[5.363879716],"iteration":930,"passed_time":8.325460727,"remaining_time":0.617031998},
{"learn":[5.363011278],"iteration":931,"passed_time":8.330284277,"remaining_time":0.6077889816},
{"learn":[5.360708163],"iteration":932,"passed_time":8.334716155,"remaining_time":0.5985273123},
{"learn":[5.359671531],"iteration":933,"passed_time":8.340997949,"remaining_time":0.5894067073},
{"learn":[5.358168513],"iteration":934,"passed_time":8.348632127,"remaining_time":0.5803861907},
{"learn":[5.356467248],"iteration":935,"passed_time":8.355780518,"remaining_time":0.57133542},
{"learn":[5.354607422],"iteration":936,"passed_time":8.363071882,"remaining_time":0.5622983229},
{"learn":[5.353645047],"iteration":937,"passed_time":8.370320105,"remaining_time":0.5532620965},
{"learn":[5.351905582],"iteration":938,"passed_time":8.37725997,"remaining_time":0.5442096466},
{"learn":[5.351067707],"iteration":939,"passed_time":8.38433352,"remaining_time":0.5351702247},
{"learn":[5.349796939],"iteration":940,"passed_time":8.392905182,"remaining_time":0.5262289115},
{"learn":[5.348983525],"iteration":941,"passed_time":8.400333009,"remaining_time":0.517217956},
{"learn":[5.347790585],"iteration":942,"passed_time":8.407497322,"remaining_time":0.5081944299},
{"learn":[5.346819455],"iteration":943,"passed_time":8.415181727,"remaining_time":0.4992056957},
{"learn":[5.34569],"iteration":944,"passed_time":8.422249484,"remaining_time":0.4901838324},
{"learn":[5.343391186],"iteration":945,"passed_time":8.429775596,"remaining_time":0.4811922645},
{"learn":[5.342536301],"iteration":946,"passed_time":8.437098469,"remaining_time":0.472192417},
{"learn":[5.341436474],"iteration":947,"passed_time":8.4445163,"remaining_time":0.463201316},
{"learn":[5.340107557],"iteration":948,"passed_time":8.451604106,"remaining_time":0.4541957949},
{"learn":[5.339126789],"iteration":949,"passed_time":8.458699421,"remaining_time":0.4451947064},
{"learn":[5.338385905],"iteration":950,"passed_time":8.465943821,"remaining_time":0.4362053073},
{"learn":[5.336798843],"iteration":951,"passed_time":8.47295763,"remaining_time":0.4272079477},
{"learn":[5.335869119],"iteration":952,"passed_time":8.480138149,"remaining_time":0.4182229727},
{"learn":[5.334248851],"iteration":953,"passed_time":8.487692459,"remaining_time":0.4092598041},
{"learn":[5.332302644],"iteration":954,"passed_time":8.494993362,"remaining_time":0.4002876454},
{"learn":[5.330645639],"iteration":955,"passed_time":8.502059311,"remaining_time":0.3913081691},
{"learn":[5.329175117],"iteration":956,"passed_time":8.509204927,"remaining_time":0.3823362715},
{"learn":[5.328523718],"iteration":957,"passed_time":8.516164926,"remaining_time":0.373360049},
{"learn":[5.327609982],"iteration":958,"passed_time":8.523269641,"remaining_time":0.3643942182},
{"learn":[5.326238477],"iteration":959,"passed_time":8.530710962,"remaining_time":0.3554462901},
{"learn":[5.324996794],"iteration":960,"passed_time":8.537665374,"remaining_time":0.3464817373},
{"learn":[5.323563232],"iteration":961,"passed_time":8.544788725,"remaining_time":0.3375280369},
{"learn":[5.322337904],"iteration":962,"passed_time":8.551610218,"remaining_time":0.3285665401},
{"learn":[5.32053446],"iteration":963,"passed_time":8.563136577,"remaining_time":0.3197851834},
{"learn":[5.31992997],"iteration":964,"passed_time":8.574850757,"remaining_time":0.3110049497},
{"learn":[5.318994357],"iteration":965,"passed_time":8.582752885,"remaining_time":0.3020844701},
{"learn":[5.31779303],"iteration":966,"passed_time":8.589947615,"remaining_time":0.2931419558},
{"learn":[5.316273677],"iteration":967,"passed_time":8.597151833,"remaining_time":0.2842033664},
{"learn":[5.314929844],"iteration":968,"passed_time":8.604180041,"remaining_time":0.2752627258},
{"learn":[5.314237179],"iteration":969,"passed_time":8.611379658,"remaining_time":0.2663313296},
{"learn":[5.312850954],"iteration":970,"passed_time":8.618297984,"remaining_time":0.2573950994},
{"learn":[5.310828804],"iteration":971,"passed_time":8.625312423,"remaining_time":0.24846579},
{"learn":[5.30983314],"iteration":972,"passed_time":8.632950968,"remaining_time":0.239557735},
{"learn":[5.309024013],"iteration":973,"passed_time":8.639822205,"remaining_time":0.2306318042},
{"learn":[5.307774386],"iteration":974,"passed_time":8.647712167,"remaining_time":0.2217362094},
{"learn":[5.306169335],"iteration":975,"passed_time":8.655111952,"remaining_time":0.2128306218},
{"learn":[5.304695294],"iteration":976,"passed_time":8.662885156,"remaining_time":0.2039369075},
{"learn":[5.303796234],"iteration":977,"passed_time":8.670690764,"remaining_time":0.1950462135},
{"learn":[5.302578431],"iteration":978,"passed_time":8.678101268,"remaining_time":0.1861492611},
{"learn":[5.301901336],"iteration":979,"passed_time":8.68503537,"remaining_time":0.1772456198},
{"learn":[5.299525874],"iteration":980,"passed_time":8.69221425,"remaining_time":0.1683507347},
{"learn":[5.297688834],"iteration":981,"passed_time":8.699161237,"remaining_time":0.1594550939},
{"learn":[5.296472941],"iteration":982,"passed_time":8.706440071,"remaining_time":0.1505691569},
{"learn":[5.295566206],"iteration":983,"passed_time":8.713241887,"remaining_time":0.1416787299},
{"learn":[5.293933804],"iteration":984,"passed_time":8.720948553,"remaining_time":0.1328063231},
{"learn":[5.292947918],"iteration":985,"passed_time":8.728022129,"remaining_time":0.1239272919},
{"learn":[5.291187428],"iteration":986,"passed_time":8.736765168,"remaining_time":0.115073908},
{"learn":[5.29024988],"iteration":987,"passed_time":8.744136871,"remaining_time":0.1062040916},
{"learn":[5.288817998],"iteration":988,"passed_time":8.75221152,"remaining_time":0.09734512307},
{"learn":[5.287782497],"iteration":989,"passed_time":8.759328152,"remaining_time":0.08847806214},
{"learn":[5.286460586],"iteration":990,"passed_time":8.766620287,"remaining_time":0.07961612773},
{"learn":[5.284855597],"iteration":991,"passed_time":8.773786564,"remaining_time":0.07075634325},
{"learn":[5.283384262],"iteration":992,"passed_time":8.780937724,"remaining_time":0.06189986311},
{"learn":[5.281853273],"iteration":993,"passed_time":8.78825831,"remaining_time":0.05304783688},
{"learn":[5.280626687],"iteration":994,"passed_time":8.795219139,"remaining_time":0.0441970811},
{"learn":[5.27863109],"iteration":995,"passed_time":8.802428691,"remaining_time":0.03535111924},
{"learn":[5.277054833],"iteration":996,"passed_time":8.809620969,"remaining_time":0.02650838807},
{"learn":[5.276326672],"iteration":997,"passed_time":8.817464169,"remaining_time":0.01767026888},
{"learn":[5.274353303],"iteration":998,"passed_time":8.824565878,"remaining_time":0.008833399278},
{"learn":[5.273011238],"iteration":999,"passed_time":8.831612889,"remaining_time":0}
]}